element,0,1,2,3,4,5,6,7,8,9,10,11,12,13,14,15,16,17,18,19,20,21,22,23,24,25,26,27,28,29,30,31,32,33,34,35,36,37,38,39
H,1.8201306742303243,0.6991714680326704,-3.330654707809376,-1.2081537073203905,-0.37823987702810297,1.0201053598238894,-2.006672971215352,-0.03727689397150619,-1.4265295354107375,0.28530373627827416,-0.5909794627797469,0.06467920011997275,0.14088537658725067,-0.5832306744633601,-0.8639743916772801,-2.362496849813846,-0.9757443973695159,0.3508398433252219,0.013867720430162142,0.7489769445048999,-0.3215221652354851,-0.28933621856292646,1.046089155614367,0.12791563809791906,-1.7013356470125789,-1.2578631083122505,0.10026698350748,-0.1809886090478339,-0.8078426431798643,0.08160681589232066,-0.5169919129572181,0.38765296926240106,0.25080740624688974,-0.8293324418476107,0.13433388591574605,-0.3308566743597904,-0.21941520841797377,-0.05548554132477167,-0.32231788528507244,-0.7066821264232213
He,0.0,0.0,0.0,0.0,0.0,0.0,0.0,0.0,0.0,0.0,0.0,0.0,0.0,0.0,0.0,0.0,0.0,0.0,0.0,0.0,0.0,0.0,0.0,0.0,0.0,0.0,0.0,0.0,0.0,0.0,0.0,0.0,0.0,0.0,0.0,0.0,0.0,0.0,0.0,0.0
Li,0.7832675641288769,1.3613019768708907,-1.4898269215893456,-2.2047575382832805,1.1941402592778865,-0.4754142096507766,-1.3851347427326528,-0.13923768128423464,-0.8871473984827802,0.26437114169827897,-0.8074991917791996,1.2791724050636888,-0.6631724095275824,0.4248946646694317,-1.713985209914892,1.0828154404958714,-1.075055842329607,0.34813956945132657,1.718419678834218,-1.0810716705567605,-0.7779721134460873,1.1066161849699536,0.49567593210161387,0.08876149424496903,1.9633643194292179,1.039588452182558,0.5917542149238209,-1.4561130905689816,0.665045091265589,0.36023608916227007,1.6339335054605426,-0.24412503342522418,-0.14925894650370078,0.34657736887105345,-0.30132166690457834,0.9201909781826035,-0.4207565163200843,-0.2129715971504155,0.16674356083050357,0.9175024945663317
Be,0.21313786139587781,-0.029567461434930584,-1.9025304980375566,-1.6664733539438255,2.0903478251623726,-2.5148744604581648,0.5410666276498066,0.8340108485255986,0.6091845066136087,-0.1923021320469166,1.3632555080822575,0.7605685321697075,1.0137300270585925,0.23996696780193216,1.0023652059185706,-0.4626752154989744,0.5159228020401827,-1.8293576911400868,-0.6592213883296905,2.5591086802832987,1.7153218539992008,0.1491042147259448,-0.43010569138027666,-1.0038263012778839,0.001337230871809288,-1.4118863204975487,-0.27153215370845046,-0.08879126927409262,0.39932875355092784,-0.04162330787355094,0.8173708970163411,-1.0230409725431724,0.6304012307446398,-1.0194465589192672,-0.04588159679987685,-0.7171852757092358,0.5972298554682064,0.6130309694817643,-0.31359042449123764,0.6337618006917621
B,0.7538530065622463,-1.1667302691677244,-2.05176438822026,-0.0640509431072272,1.5526538668322893,-0.6629699095470141,-1.0111578660035467,2.6793463975509217,-0.29187595519826914,1.2153488981945568,-0.25654844264388743,-0.5582495450197487,1.1679642215319412,2.8673670092153376,0.5728875589543369,0.9823830025453097,0.12386078298024217,0.7516845555386693,-2.129964361676723,-0.4142434921071098,1.2579420929485912,0.5180319759993353,0.03363951279222658,-0.5659421734437091,-0.6893661856437404,0.5497323811499958,-0.663277228558235,-0.5580307377075254,0.00913448975422502,0.46665829073731674,-0.4963958987472489,0.011734400813265952,-1.1113721216089498,1.112472023553281,-0.31634224691790447,-0.31800981186608307,-0.7532476913120123,-0.5461204213692058,0.5722948651757116,-0.3311831314346834
C,1.0628229813106114,-1.0153405684870644,-1.6133507822352777,1.2363191819070671,1.072841226974208,-1.9256592874514196,0.20369740690854446,0.7111794176000328,-0.8241832078570653,0.7296737902932384,1.3357251179806557,-1.248518395969036,-0.9535943852516597,1.0452843516286499,-1.3964213367466944,1.1890088456284726,0.43282203113882894,-0.9174548392006078,-0.26713515212067895,0.21474773079257803,-1.978638422821305,-0.25416930386396525,-0.26670830433317494,-3.107678360661767,1.2071137939616094,-1.8722482328618544,-0.1544767325522595,2.0784692429606526,-0.4124085352171721,0.9946274238559816,0.5510281117477562,0.4461102226019145,-0.5663981896256127,-0.7636496457173972,0.2692468561777681,0.4185106546007277,-0.4642516180709287,-0.07145314504066974,-0.183868047656212,-0.31255308228146944
N,1.5579414463780445,-0.6674805179512705,-1.2652779411128288,1.454805445782452,-0.08698154858792753,-2.7512618695253854,0.4101379910537681,0.6345282759819277,0.09851715400748477,-0.6620215047702409,-0.2509436522467019,-0.04729376755140627,1.4247568418608794,0.4275748005177889,1.6364257194479808,0.7979834096635782,-0.96643219715109,-0.677585419374934,2.0043809221222677,-2.3979626354844905,-1.0549576896610322,-1.0461502508685545,1.557524380887033,0.5929096960121267,-2.185026199935872,-0.05196919292766746,0.29269151006270605,-0.1406549651591797,-0.33520126120571725,0.7734627401734036,1.447479693222511,-0.12236133073021563,1.15808939311947,1.0782532938338634,0.5391248561968542,0.27869976937264485,-0.24028547688866067,-0.40040499176440447,0.06666251027773695,-0.7514236149974667
O,1.9626158433384515,-0.4600724445177245,-2.030030393762384,1.4780741879833723,-1.7095006509107107,-1.1922584473147297,-0.02236688682622211,0.07231447046004957,1.4057828066397233,-0.3608084875684284,-0.9831519113562136,-1.5656519984439434,0.027350265327494922,-1.2817224362391268,-1.2615297820711833,0.6981209726529197,-1.541419451065467,0.05040941598705828,-0.4161219974825,1.0461562669772684,0.23944908454596195,1.0573250192910808,0.011898227534821412,2.485104827708612,1.116044016731049,0.03761434187108106,-1.1977200856257209,0.17372091046304214,3.154140778743163,1.0059551663682726,0.2204448485602549,-0.6851963384203484,-0.05351004822777594,-0.6600559168324158,0.09697312877918543,-0.36814881528514476,-0.1987046904104775,0.3836316666211514,0.2154529309505291,0.4697866568790234
F,2.49059295854652,0.2017057394898663,-1.8149670117396994,0.9456754501435208,-1.535092519574255,1.055746070690971,0.40818320932722735,-0.4530994216531228,1.3076683550802792,-1.9103317120866585,-0.08245470576623451,0.004140033688746722,0.1000558203852216,1.0726373388171575,0.022675226035757348,0.84195670099065,-1.4761739034412678,-1.2677450868387081,0.2526813872581187,0.09123990157825537,1.8923071040029074,-0.7055915638102683,-1.4366131280827459,-1.9205332162455466,2.5603112272476896,0.11485094423690526,1.278211045987565,0.06813198422354112,-1.3337631312522824,-0.9263483923714255,-0.6329960754932177,-0.1793188742126404,-0.22563823555881332,0.7905824605847823,-0.3235409458892553,0.06511633140852725,0.8269240434167775,0.4273097980470359,-0.40756676953324245,0.30719785696548113
Ne,0.0,0.0,0.0,0.0,0.0,0.0,0.0,0.0,0.0,0.0,0.0,0.0,0.0,0.0,0.0,0.0,0.0,0.0,0.0,0.0,0.0,0.0,0.0,0.0,0.0,0.0,0.0,0.0,0.0,0.0,0.0,0.0,0.0,0.0,0.0,0.0,0.0,0.0,0.0,0.0
Na,0.560608312520376,2.0656959504334713,-0.5708825524379841,-1.0359364190044742,0.6997379428912578,0.44167202331776256,-1.3206334664914248,-0.8083410776903319,-1.683735947646069,0.10892796936952444,0.09624897229136083,0.6082852952905261,-0.4995526443722385,-0.4186467932022197,1.4488120466472687,1.883106041152064,0.12296330044810594,2.0846051821126768,0.43794273151695523,1.209310284174878,-0.34007254492883304,-0.45096635796409895,1.1557132330817328,-0.8489833341049022,0.9057038376529573,0.6686416318975796,2.015061428828973,-0.857881639365854,0.2398526918049721,2.1972205266340947,-1.4731239435195267,-0.24778711427201566,0.29811134606177314,-1.1082231247492358,0.5472313274942544,-0.42164829836589224,0.1580507956675276,0.4731765316330414,-0.3440885858124795,-0.10831872114308302
Mg,-0.10827150096530642,0.8417346575184572,-1.534490373569802,-0.01193637777256924,0.4015192235384682,0.6076200115968156,-0.9066391416825189,-1.4265815900115082,0.3307623530420628,0.8328179398828982,2.468980733502061,0.714269123842946,-0.20501047391664956,-2.8435115064401066,1.7251625378163535,0.07018031944764115,1.6309715417231632,-0.373352922439468,0.768118926867437,0.2582657236531993,2.71474136812766,-1.9023706233518656,-0.6161464410062554,0.04277283937144101,-0.09317121874400348,1.025768486904333,-0.9872845064757977,-0.8612741878776693,1.0779772832110255,-0.19969171423225107,0.5558105751063813,-0.6973381923378814,-1.1621020379141125,1.1683769849394101,-0.6363927853547324,0.15311621042391926,-0.5581358993862773,-0.736489627750576,0.5134021244249705,-0.14700346889000246
Al,0.29425451361693566,-0.32330090468130485,-0.657881811518181,-0.22966864579097246,2.463702118594132,0.24929203581711992,-0.05135129242400478,1.017756166559117,0.449158750245286,-1.5045032758417125,-1.2952688053729284,0.12772276729951001,-2.5033040019422135,0.020785537185583056,2.11053907766681,-1.0740150604154917,1.6776935293824256,1.414721643444687,-0.43520128214459475,-0.3979281897935322,0.239412938226932,-0.7353080097884238,0.1392188549660888,0.8513160346131592,1.6638203574405668,1.476655028761543,0.34249173351393325,1.727715874177747,-0.3732611534085898,-0.5788575895860008,-0.36074706520352384,-0.13148750477871313,0.5507055891669178,0.5708498062907351,0.8969285898115587,-0.1550379812415086,0.9694807653475876,0.43218496201619067,0.6442481340238323,-0.20494898712941567
Si,0.451935236488403,-0.8278916055806576,-0.42395996580949713,0.5740392036047461,2.398003113785659,-0.20962471061777724,0.41862610448311965,-0.654464686368282,-0.27023352142700374,0.5944748305103759,1.4959344615220596,-0.12276926753285844,-2.7447602737642893,-0.5616714571283499,-1.1160555823153653,0.48224361974382385,1.0689838969529124,0.2195198587496976,1.5491836169231037,0.675234189738798,-0.23207889767434942,0.6350219338041165,-0.5054488233738532,1.9109985517606223,-1.024957279559537,1.132885809718984,0.8177822075961565,0.5554901129422976,-0.8297036832536374,0.33602788321548677,-1.449801283457978,0.47076272197031616,0.5540175226366665,0.2685800822009477,-0.5160441653153386,0.12747399576559634,0.4082058705457165,-0.5165449028142944,0.007063703007947976,0.9814477131594925
P,1.3382670909013905,-0.6312848078583028,0.06540327033117059,1.2285825875244392,1.3859731799388475,-0.31545206722397995,-0.44670353365727444,-0.10677485147813744,-2.770330183074016,-0.16425236138275776,0.43339114153228947,0.612718649405254,1.888733523164371,-1.8498454530353325,1.2277509995069213,-2.192397125561173,-0.022941364622706815,-0.17513441127910603,-0.18861441428895992,-0.18475450356889125,-1.2309534049365554,0.40406107207916336,-0.32537529681530813,0.13484922866376658,-0.3985931164522705,1.0816596855230318,-0.8812407744400308,0.5005159735459134,-0.1558014447799123,-1.1018506078299115,-0.26416334769993377,-0.17423290154659357,-0.30441454772281357,-0.05144601720682349,-0.6710733874206899,-0.6288615449141938,0.4863803394927583,0.8536656980078453,0.3033648651807973,-0.22305568848440446
S,2.0758672160490597,-0.09333191973635707,-0.016276049029503276,1.3716056272881627,0.1166629463312913,-0.057761661424364556,0.05659612845403746,0.471349845062767,0.4961986492068266,0.1104343219837646,0.3040403805519892,1.8027140749937431,-0.12489047221895763,-3.409313007649114,0.08712725307955708,-0.05495749807440724,2.225608060873862,-0.18705617048313097,-2.1038762183477235,0.9907397967149736,-1.5490989381603801,2.22593899217917,0.050840759328559665,0.21493705339223224,0.10632678928935879,0.9711108574435262,0.6240768634782728,0.20868925780467157,-1.670467827793343,-0.39709122952792003,-0.38027395553254006,0.38208757172022734,0.16856256590670887,-0.4156760373535903,1.2634955349882957,1.0603529106549328,-0.3597630589478937,-0.48860677704767685,-0.8112346868705934,-0.013874504839748265
Cl,2.162746456253639,1.5345362377732177,-0.205148440681657,1.1774834170458457,-1.243577041117578,-0.007647521484966514,1.6489641922303406,0.5206002772273151,-0.4166363713280596,-0.8577392434367521,1.208182484939314,1.47144775376428,-2.0575010852794144,0.5226935173335423,1.2029111402380435,0.05511681590061777,-0.44703758944824573,1.4602232008809712,1.0072132001264473,0.02349031550727722,0.9801795651093953,1.4038583242244167,0.33351243796454,1.2551972973857688,-1.449672675170049,0.33271374879858345,-0.29055263462608144,0.20626328132202526,1.4592683211119477,-0.28995196365575043,-0.7007857745285814,0.3114854698497134,0.143782005436791,0.08247542777547054,-0.7207977716485389,-1.295235959419209,0.6507586723250327,-0.7572191707625122,0.2869602252436997,-0.64157250861633
Ar,0.0,0.0,0.0,0.0,0.0,0.0,0.0,0.0,0.0,0.0,0.0,0.0,0.0,0.0,0.0,0.0,0.0,0.0,0.0,0.0,0.0,0.0,0.0,0.0,0.0,0.0,0.0,0.0,0.0,0.0,0.0,0.0,0.0,0.0,0.0,0.0,0.0,0.0,0.0,0.0
K,0.9836871235685983,2.302654307140192,-0.33081252311357007,-1.5392806780386024,-0.6087093191415865,-0.03824044984951441,0.09508719809794319,-1.0807749879728603,-0.43614383749007757,0.8254898565820041,-0.7565523272000417,-1.2306753802293808,1.0339818126795155,0.06665051860314904,-0.18689915831898596,0.7556726586531075,1.221807408617453,-0.1495482447200931,-0.32904676419373985,-1.4213577415237109,-0.03248712211235416,-1.3208093184248337,-0.010707133126747594,0.5751770038022858,-0.5278174706111325,-0.03441807456342015,-0.38740701641559205,1.8010843916653911,0.08980719885505757,-1.1955486395505206,0.4657428894617753,3.1111364266979455,1.5498711239239582,-0.15230710861081756,0.9479622113764102,-0.9892951196293721,-0.16824134801006635,-1.0155051164462874,-0.191181001890797,-0.4594481995050983
Ca,-0.4880973109014957,1.4914815325749962,-0.5526595115020352,-0.8516825249410749,0.9731829733268866,0.3433331290557229,0.9918868772046672,-0.42951616064730364,1.1341694051243751,1.7060052894032154,0.7865082377868744,1.2319552227227721,1.0534910597334026,-0.8793937504501044,-0.029822590965277354,-0.8755532279993465,-0.5244404090717847,0.3748819890572916,-1.8725408715837348,-1.012640246117871,-0.7731217028325565,-0.18246343273830123,-0.2886619298696144,0.48934986009378917,0.5555380817898119,-2.383155865782794,0.9763809605444269,0.5291552454329642,0.9509611696509574,0.5847544382259545,-0.8458961612802935,-0.8594507306436577,-0.7802230263384925,1.4338895039966875,1.001850723270075,0.9843375656912355,-0.07091037126550158,0.2704402329537337,0.2917639935563105,-0.5227109730200107
Sc,-0.8494431030919063,-0.23642202362800613,-1.2802138832712302,0.494854487532979,-0.3303695367063595,1.9041532485408605,0.40061189663790797,-0.18194046530700742,1.90228970248416,0.32945943053139726,-0.13898319897993794,-0.47475927707747184,1.633210969423001,-0.14425278951394294,0.9572299221421126,-0.46685006087042574,0.42783564005725044,2.0827722012617746,0.5183146622499,-0.38452301393398264,-0.04589862975512508,-1.1109498526302657,1.4064526681282563,-0.4291131711872272,0.5366320664328227,0.9826027686214371,-0.08396303962911432,-1.3677447880110207,-0.5348288702304483,0.14280429594198482,-0.10944821358332307,1.0626470842039486,-0.16670319845082923,-2.7607374022382194,1.7165302859236222,-0.07147467657265426,-0.8130505142643413,-0.6244570984535713,-1.017010989128168,1.1006379478239376
Ti,-0.5635731713843632,-1.1880846427551597,-1.1590324545553148,0.11493008693442788,-0.237882310678176,0.5293497229637029,0.8854090373366562,-1.258381947200691,1.226060908250667,1.53107191348393,-0.1816171364586847,1.5369380000397208,0.3416026186128941,0.8428934834412075,-2.2342919184020067,-0.44203051071967625,1.4965174765803035,1.005932999252896,1.7986747873538298,-0.4277107623327855,0.25343370999294174,1.3247831785057804,0.8251157876092108,-1.0834591595102752,-0.12986101715784953,0.21869747090615502,-1.3593216498398493,-0.03539494366993372,-0.9275324945507656,0.3266287279866686,-0.3389060032067359,-0.9256532691335017,0.7448509970319004,0.6895148013369099,-0.9644558449116423,0.7596136881265619,1.536498913855902,0.6063265721186222,0.45372713851592555,0.5721480156705411
V,-0.35090242307740005,-1.3098178903612632,-0.24017094199171524,-0.6932283381630677,0.19012401381573638,-0.10271395001608517,0.4631199736793089,-1.32580882544036,-0.5953984818021952,-0.8709926704810828,-1.2474553973715334,1.1121842565667464,0.3974470779447088,-0.8845331418457212,0.24358554682469918,0.1537418226743948,0.281918351161468,-0.20991985698780483,0.4325559965108029,-1.3630724881542666,0.17871966515771695,-1.271367552494984,0.6360509610886426,0.456459457011925,2.2577260753054524,-1.3918023488920044,-0.5742631682310604,2.658020884492148,-1.3729106490591705,0.029072112202151893,-0.3648229082917193,-1.941169139492839,-0.10310848599544178,-1.1969939504112737,-2.3579855443810462,-1.6548480656861693,-1.4045292804552827,0.5178393736814063,-0.47518937791396554,-0.6634555234385691
Cr,-0.44288995896356315,-1.2600866911468562,-0.7667583929429165,-0.9107609359955525,-0.39630096344755145,0.9750911268909239,0.8819616912639525,-1.2365401853878695,-0.6032041162749553,-0.896006769897358,-1.8254944001319147,-0.3190462547990006,-0.22891912568448117,-1.000051326966636,-1.4967871247296392,0.42660693626261803,0.42970031257890634,-0.4128023071348828,-2.0330175010999842,0.8630612395151256,0.9236490754717656,-0.24150950743331062,-0.3459866165019166,0.44163790316291884,-1.1466396737405218,-1.0409115076045976,-0.1168946758097169,0.9828749708069082,-0.16943993749169903,1.1967189711624293,1.0549755227759317,0.6612652188098885,-0.39470251098582665,0.7393018613644513,0.9877016358737994,0.5035318987416081,0.24905239487698708,-0.615604254368365,0.8457150645321101,1.5139263011409179
Mn,-0.09006906631560081,-1.3754985274007694,-0.7505852022631633,-1.1730469711039828,-0.34558172468587595,0.6286093513267511,1.9213207002174049,-1.428685639026303,0.09152081770770662,-1.171480384234906,0.5463184330014715,1.3006308291723996,-1.0773334802491712,-0.0482977002532913,0.2507795602386756,-0.18242476995676968,-2.0744846572332425,0.24204029215379877,-0.4718218047863788,-0.20816870106447355,-0.35231611861230866,-1.0379630250474732,-0.8853170292443793,-0.8867611850438675,-1.3814966500511614,-1.1585000649890531,0.4945978329922318,-2.085543532106652,0.5301086112452703,0.404577353575273,0.1771898404838345,0.9267427177407581,0.5951120256630765,-0.23688254571710665,0.3022512889161024,0.6881331808407446,-0.9061652062868969,-0.8245228562869618,0.9009582353941601,-0.4098842671176813
Fe,-0.22311911303246568,-1.2347354941173994,-0.46686797693255466,-1.6198025293640057,-0.5314795421115934,0.4019800591309396,1.0408636219113643,-0.9668890266168972,0.8551515125751208,-0.029375991836157016,0.5024999903865838,0.6391544700540489,0.7331556538577404,1.7112068604268265,-1.0129572868659091,0.955186613475282,0.19174161626208766,-0.3488733828350967,-1.390855649521007,1.143055494845006,-1.7966112788116437,-2.057202769024923,1.982366719826973,0.8058164369597256,-0.776469416651814,2.273374960707688,1.5544805451111963,-0.06473823913463729,1.6850443497035552,-1.3597201456253845,-0.13066144188873327,-0.5141139090917428,-1.7858808290590638,-0.2683351421292595,-0.4134884214261901,-1.727446924156397,0.6651789214208408,0.5979348462788895,-0.3199537580423546,-0.34102581996741
Co,-0.15396711906325714,-1.140694152779728,-0.4212953409838185,-1.5466640880502487,-0.4653996883722744,0.4755424048960507,1.4233645191043482,-0.6751313544663495,-1.3914059516564317,-0.9561836807558443,0.0742101063732918,-0.957785098478512,1.2118568521330273,0.3747906885236352,1.2943126616471732,0.9741394192204763,2.310014066260322,0.30531517345130627,-0.8123323023621353,0.5930580880624552,-2.0047795880758206,1.4213863462964897,-1.3221317480064334,0.02579045026225103,0.30914004263756667,-0.33216122994442193,-0.4109919281925066,-2.400046122673745,0.3417423368143886,-2.1233912632004945,-0.06364141963251439,-0.032194299154719545,1.072783628942459,0.8456769650982825,-0.555278146864348,-0.9358090913225029,0.595387627792157,0.7971582048678764,-0.7049205190903517,-0.4419821773367224
Ni,0.09993281496878288,-1.1406557060238791,-0.02059264181978483,-1.6628927545161019,-1.4811038571077695,-0.14659769292194655,1.9334860752400447,-0.27345509625884784,-1.0473214076093682,1.0025765377446003,1.465476278168154,-1.6008736597663813,1.6459324931810304,-0.3295129144970814,0.42374554110940543,-0.6688685037229116,-0.5958023968502257,1.5443096488177466,-1.0187816407647747,-0.36993474510278546,1.5526971322697292,2.0247602760367793,-2.2014575863779013,0.017185309832430804,0.11321634597767218,2.051659396792507,1.036351855376096,1.4591468721787977,-0.07900239154751157,0.8369010272453932,0.4741924402336772,0.6449540389609765,-0.11510476937632814,0.5029813091829307,-0.3463326581050001,0.06925310206140019,-0.40195813368054983,-0.749403603976015,-0.04877660049344818,-1.2125217928897483
Cu,0.1851731638209318,-0.5242262869647883,0.4333316606413351,-2.2917027322297674,-0.3781755664374406,0.7117119133052748,2.2051844934514877,-0.024200903701696214,-0.7507659630964486,0.07034573474098751,1.802404620664698,-1.668382693399198,0.2874186618611189,-0.7959515443371984,0.44977175722274065,1.419730984197142,-0.6036769238195904,-1.1811902491000343,-0.5528819601867562,-0.3964541692582326,0.7836408984751692,2.0917791317177357,2.5877039574198766,0.532626787268335,0.1371987951497164,-1.058606460965708,0.14998417095417332,0.38118891576864566,0.2909732525737919,-0.6862425503148118,-0.8539552438537152,-1.1135976796162055,0.42331727299544314,0.024790732149085563,0.47137453929348067,0.13446290193346958,0.7154270550001562,0.023843303747170516,0.7379514258445796,1.7043963899856762
Zn,0.1424066848828279,-0.35920516182400025,0.6689847208166031,-2.3442831910452,0.6479312389027284,0.8915162909680269,1.418049579123366,0.8999352573461294,1.063838034732196,0.3947942204296799,-1.0041153064553716,0.27542963610435317,0.35348792608879986,-0.4522049744678268,0.7206879411435688,0.5262292341980188,0.32527050862027723,0.23769122676273666,1.5390030794480556,0.8487899196095885,0.6376581751139312,-2.714621250454421,-1.256426669207457,-0.16022238234284344,-0.24239717169399025,-0.4684842113534924,-1.3144542284831189,1.1829740601258252,0.5232739209857071,1.3385030916101561,-1.1920526867444214,-0.7116687395324518,1.2276768465763055,0.2551668213113843,-0.0467184601168002,0.7374510059255939,-0.01803655503054072,-0.7804530616921853,-0.7535794840330967,-1.0384271332953572
Ga,0.25586779014049643,-0.18453214342476215,-0.16793308782138175,-0.1917946379012498,2.681204337849653,1.2563563245604727,1.5929945744624756,0.1478053803650155,0.5540193054963485,-0.7887919885743083,-2.0025078786049932,-0.9135108934086763,-0.5872448260573567,1.1458832023047083,-0.40272547810853476,-0.9569532085567947,0.15172816413414097,0.315164034356575,0.10720866275481038,-0.5839736333711882,0.21761391736846114,1.1289041334551742,0.4070547443037116,0.5185641962071765,0.8163172357329053,0.5907934454387301,0.3132687783959907,-0.41631491506314855,0.11757327370716182,-0.2617876566595703,1.4557595916902282,0.8735613124145903,-0.7570666503998493,0.7173405086498897,-1.260465513220208,0.9857617622571129,-0.9327265045963938,-0.47393592181532296,-0.4973121484580335,0.3944109981382839
Ge,0.585538778656602,-0.7369398040331447,0.4400628132667964,0.43240607775975254,1.7440740567951205,0.23501934957009094,1.030838911854035,-1.3769007640829658,-0.5208691681497335,1.8658090159773735,0.6113247665438852,-1.3422135069376253,-1.161220983531578,0.25558439330655763,-2.3956243380605113,-0.9566402553015039,-0.6791055616661518,1.469879919833401,0.6041060746080242,-0.841352290547761,0.9358449274267474,-0.567101873371929,-0.798903193400902,0.028691418335673936,0.2544114641177321,-0.2908139558592299,0.12272959111807216,-0.4486912173555229,-0.6951581225262611,-0.6877500024304434,0.9826431972303478,-0.5503843208019581,-0.9152304945194019,-0.6648352665545416,0.4896421944910718,-0.5071533813124905,0.49982334413358886,1.2855924304814097,0.003103655188042263,-1.2198399962299704
As,0.9617381169450181,-0.7717224612020963,0.8472863888236132,0.4418184233648167,1.4845172164728733,-0.08081318228639779,0.5765706453814239,-0.820090778815742,-1.4519767615999826,1.1669994742647782,-1.9372947640710323,1.4763573216901054,2.0227497465966917,0.800742184024944,-0.8134300174526201,-1.1319019050407815,-0.10192515842204611,-0.17395084941577352,0.9017439360146207,-0.8055516596822466,0.6518468360958454,-0.41889576027846775,0.16831906637601698,0.9550285896192316,0.4917951144992884,-0.1258111353400529,-0.18658383095787395,-0.6253267155051114,-0.19948576799723586,-1.252791233561363,-0.731461381453665,1.2549770731663097,0.8078121415331919,0.27526337845896304,1.6113926243372303,1.987491258407821,-0.04072252022146666,-0.604322587391942,-0.30132310370408344,0.3373599238312109
Se,1.8981208304772337,0.12231265896176553,1.1056267879867774,0.7229305394830986,-0.025144282677496743,0.35005357516778984,0.7727894647297306,0.6852050076510805,1.3642561828671669,1.1130727884014728,-2.4534755481502297,-0.2862258398832464,0.5713370208520598,-2.1842482551230007,-1.8560465383832585,1.0968938233291123,1.0866347285641416,0.8307738624716908,-0.351514398978547,-0.7233866392124642,0.1827685649684256,-1.5970248554783215,0.26101578627681443,-0.6911204306505708,-0.9539188237304028,-1.0125913821594945,-0.18857861714826532,-1.098823834926857,0.4232810834823741,-0.36174696777090154,-1.2214556878999678,-0.4656557953713991,-0.9180599315528473,-0.2652872012433256,-1.7669239564103572,-1.0305458887158376,0.1868099739540789,-0.07696451800507242,0.9672257541807232,0.0904002671558125
Br,1.9912944089514637,1.3732475393662884,0.8256382900299524,0.7910575948694776,-1.366894741332272,0.7215926132352546,3.1595881580574754,0.17497479874786384,-0.6898636791652295,-0.5915122085507437,0.5828727447756531,0.4005953636884313,0.26129115592855306,0.8320712426827669,0.2615386543034829,0.1029539810066082,-0.20468211048051133,0.6813129762531662,-0.13411926342401526,-0.17380705817146125,-0.6501884262251276,-0.22119824706455496,0.09983012798509013,-0.9217462735346158,0.024218704154083642,0.23362279916156664,-0.3649712157047048,-0.4291265214172539,-1.3722336350247217,0.33154125859798017,0.9388292654091074,0.20085829573492206,-0.27891303639215076,-0.37157259502471424,0.6540010329090997,1.4175852954286703,-0.19226129200611733,1.0372953244676804,-0.633104449851233,0.9317362635512235
Kr,0.9841045734202329,1.2637423896918376,2.4811552393641185,-0.8135292509596207,1.5997656207507156,-3.853275733813717,0.4764429841741799,-2.1279241059464695,1.9856625634229665,-1.6597570001374466,0.016880748187252242,0.12049079358515617,0.20459992722455558,-0.015585560433690013,0.06954565134624717,-1.1725306529934965,-0.3189321911185034,0.31312407937718456,-0.0268677081475317,0.4982318986454566,0.1958615122670398,0.7056481561882222,0.48571864402215476,-0.46129034173749495,-0.20956499652807128,0.07633375791412667,-0.11029010565634793,-0.10509818276129282,-0.301008401755574,0.31607529753708835,-0.2139309541683678,-0.11084433403995046,-0.12107340515488273,-0.16088359630654836,-0.017211203691570472,-0.2450337579345121,0.021479229581836665,0.09059933830668705,-0.1004223880194034,-0.0021475838840281916
Rb,0.9908138123452584,2.1784676698183016,0.06960338824184863,-1.016366782375797,-0.9230633321284692,0.06232242561903635,-1.4173554764902239,-0.8054310141149986,-0.3124616594386717,0.728998025763281,-0.9670980260373554,-1.701563879458009,-0.658719877349794,1.1733809401874937,1.138396784983451,0.5103803602805831,1.330986822744683,-1.2936812354541534,0.48311854393551174,-0.8903574996922109,-0.8958327452649936,-0.001237174135939939,-1.383427324390865,0.7709579344813376,-1.468718096858292,-0.7271659897436792,0.05182641174546386,-0.1434543778347075,-1.096768582658432,-0.8537540857163833,0.0693779074220116,-2.544809674533776,-1.6493324874760047,-0.6907168467310751,0.30848542508745985,1.5956168244963698,0.493200835238511,1.0977183945098403,-0.14076058147464568,0.8231718369679065
Sr,-0.5164741995705552,1.5745725744842654,0.09200164339092103,-0.44780762644355654,0.5696973360728284,0.13601432394904076,-1.0810181152133533,-0.6215516756304513,1.7645576693450655,1.7048158552939174,0.265844243550168,0.5932361245330959,-0.5695324928430501,-0.0793893215453446,0.6892570911039101,0.4202752324580881,-1.1538557557900286,-1.0658848155847636,-1.3806756046937398,0.12319870821639209,-0.0667785975561308,0.2964725632253828,0.10770648332120218,0.16115767388242594,-0.44655375108317624,0.15243477024561697,-0.0823525445461982,1.2752922787662677,0.587255977572202,-1.7632644341291535,2.15481363478299,2.516811629981249,-0.11045047643019681,-0.16856573004720296,-1.1329038445365687,1.226743085467837,1.0338784206619742,0.6369283661265508,0.047592092462205485,0.29437406950232053
Y,-1.0872215084461783,0.09507677175539087,-0.7435146708006412,0.7498906837228105,-0.758234783583878,1.5901116650536666,0.07863569327704359,0.5447957348094754,0.9863083485879381,1.0866417361088225,-0.42397769664654,0.9291301057086228,-0.3463918976033972,1.5992769574887007,1.4863415976575527,-0.37256626483072813,-0.6124783618163007,1.4018200889518961,0.32763568513896824,1.7457374493358584,-1.087169378528531,1.5354671082848326,0.3858068873755262,1.2886179896021457,0.11533503458891368,-1.541263370378785,-1.0496543041395232,2.354641904555858,-1.2032287229113974,-0.125851075060504,0.9733399863377116,-0.3641182281778454,-0.6519141858644486,0.29966682601722705,0.288426908584566,-0.6943518240413392,0.05789235266140959,-0.19916342802338438,-0.47077520551820795,-0.9623663769143564
Zr,-0.6520045887012769,-0.5739241550844036,-0.41192550298808883,1.2010847388490145,-0.7355731345846218,0.7207574472469184,-1.0749703717614538,-1.4299775377842352,1.0254244155246046,0.021937431316236454,-0.6663681771078845,-0.5744088603717388,0.8433162111673652,-0.38724347957172783,0.8571440534782516,-0.7598238816685509,1.4172879714099393,-0.13780876945011492,1.4612806290462101,0.8188819929906809,-0.9596141040856749,1.0137099024586977,0.7689908775776573,-2.51263771112915,-0.005887827574699794,-0.8146933391902362,1.6432339721259857,0.8110129010873676,1.9321958571622897,-0.4565276510335625,0.4355971408226478,0.3872047125946925,2.348394300718147,-0.041853255252018697,-0.7305399123271774,0.41152102034061433,0.7812691760794653,0.8298637070880885,1.1160325653471177,1.7642877776732053
Nb,-0.5636609941002607,-1.0833091620002326,0.08096062591764028,0.37804333997843287,0.14401023940354038,0.43992394084754066,-1.034176748893701,-1.9643121924084261,-0.47724712233050826,-0.3874635082769036,-0.393553181532092,0.516014853222372,0.5755643977792807,0.19156271385330004,1.1350511961856287,0.866230188305532,-0.49751956957842225,-2.415867860104115,0.7940986130983192,-0.2457806267300459,-0.342723552422016,1.3104311517901324,0.0006532410119447771,1.3140507937196644,0.49695896345485385,-0.4639285621934045,0.9723162277524765,0.12936868046590644,0.5169815187928548,1.1634713659266098,0.8580698735611708,0.023407354029977206,-0.5216331256916653,-1.4274269155860562,-0.0845666836739576,0.3087127460963314,0.05070372029914494,-2.3092450134756324,-0.5302863265131333,-0.15522419346363345
Mo,-0.42092286486558644,-1.0980492350531585,0.09952865132951817,0.2859287251068129,-0.9741232957040988,0.421953215575599,-1.9977649116099179,-1.2209666797070802,-0.8223463435659015,0.17247583265071492,-1.0307873408534742,-0.5194936547120826,-0.6271565289271066,-0.5596917947087825,0.5302306165822737,0.07414194230832408,0.020109623255966675,-0.32805249554573257,-2.4322369050480885,0.04621868681928777,1.06840365440719,-0.5448811687541704,0.394220116057768,-0.1404224426538412,-0.5111764756912577,-0.1003912695936975,0.6607329299811393,-0.8278784433335808,-1.377232802596144,2.786730846221481,-0.24280649838686336,0.3421177413225438,1.3868969319357831,0.8397012679448926,0.0413344278215797,0.660242791684705,0.7225445443345477,0.028666309825060528,-1.1810152923707768,-1.1476733764682543
Tc,0.019094277501427132,-1.3920656325635832,-0.1937632978544972,-0.4062824304720233,-1.0125854816561835,-0.09659914002521935,-1.3893344295179169,-0.8910909459342201,-0.8540213851808233,-0.5694924610430226,-0.09589329726242106,1.0447296105946868,-1.8971480347306737,0.2690343469262218,1.2513963553472993,-1.443332101528821,-1.6264987197108143,1.0184550655757594,0.10343271043721539,-1.2678173900831244,0.1159216395251178,0.05906196749651979,-0.6957971156446771,-1.3120467869877421,-1.4269288682629169,-1.3892833357002066,-0.6737409002805299,-0.6934077307373381,0.6666183278145196,-1.9578278980773696,-0.30974422682044833,0.4821533552604072,-0.6793802074726819,-0.5577774168046837,0.5431379031069736,-1.646523765298398,-0.10598892689177668,0.32362935277772387,0.9723181140764624,-0.3378434405464347
Ru,-0.07621943272556166,-1.480540310038182,0.43588258902648774,-0.6066325617737456,-1.17096403582641,-0.931869654076282,-0.7640507835942927,-0.4324186467717376,0.14737199362282416,0.8355609206793634,0.5607220763927337,-0.5659241367242586,-0.7100858687258677,0.9310853046279388,0.38634216156493,-1.1732212557985042,-0.264676098964734,-0.644192810395987,-0.0674037865334056,1.6560089194596812,-0.932793454474407,-1.7554564911787078,1.3838475258723835,0.6167556081455773,0.23034000892646506,1.7350989818581826,0.8732066798345273,0.6643038081489578,-1.703354959752413,-2.2619472172341304,0.505566890633007,-1.3850268553347571,0.4736345931778985,1.4538878442999075,0.40361051905410067,0.8644965657194836,-2.1167764220847123,-0.831257395384612,0.49383674633362884,0.5241918857839666
Rh,0.03203069303791567,-1.2877751272347775,0.7431758928659481,-0.7256123362818524,-1.1254263763347234,-0.7368882109154158,-0.24120865802131145,0.01236403909170408,0.6788717768587379,0.8336089576555256,0.5156642798985362,-0.5455810199790853,-1.7860902362005806,-0.46970613380620885,0.9849883273691634,0.6886437681335099,1.5800182159939509,0.05211535903709862,-0.18240364037554554,-0.05713203367461159,-2.589588497104468,0.030117761205710095,-0.2838811461894302,0.06615734794172061,2.5528855119094094,-0.9046679604004431,-1.3363772947596868,-1.998916665514356,-0.62225067512806,1.1887511473024024,1.0531647001573545,1.850242193958992,-2.038919645163527,0.7223855614883621,-0.7279642809205176,-0.0734861283449292,-0.06979912265456455,-0.10620483063946701,0.2848951899531363,-1.6612381990212493
Pd,0.3001898524049325,-0.986449874321878,1.2205619975125537,-1.2715751879153303,-0.8225933488903489,-0.12769274475039213,-1.2169082388406842,0.29371616333167083,-0.4060353776292802,0.8209853285824847,-1.4734949616367157,0.12253079831848279,0.1909324066160138,0.18706781006106932,1.440939151298027,-0.6782104367570956,-0.03791758985352375,0.39479728730531677,0.7061821781710684,-0.3091899214598334,-0.3226471281482297,0.9289700391829482,-1.3039533961570158,-1.804981943956134,-0.06326867198416468,1.2782602667199643,-1.1169545578456226,1.6259423567382367,2.434127068713733,1.1117410290482586,-0.8067920505256696,-0.1292485429692654,-1.4647869984282085,1.3466457107065686,-0.280317172771511,1.559750941053752,-0.7568436711981253,-0.26676013177459146,-0.36444938561812645,1.2024578097742373
Ag,0.3499078190086264,-0.5637647663190151,1.364415407762293,-1.6386853957768412,-0.946272760309614,0.3764855125993744,-0.7782456601533635,0.2288994096542978,-0.38316297205116895,1.245633643581949,0.7364357448733616,-1.5518165408929738,-1.6819685110997393,-0.3930666196743786,0.2632610244946552,-0.6249468782908963,-1.632105267037709,0.040660415701841084,0.6246903264303253,-1.3891991167424769,1.4300942744090024,0.5786226011019081,2.68061671819811,0.32407127537832714,1.1817295178473033,0.5103353292833601,-0.9601526255822498,0.14905392825008423,-0.6232454301954589,0.020152755982629177,0.19871580221723967,-1.0572684158686352,0.556078072828185,-0.8728164608519484,-0.42702663512565875,0.13197975210610527,1.0564927351206561,0.9961606505665579,-0.5328039391852382,0.3571268154089897
Cd,0.14432708304115713,-0.3141060447240233,0.8816247045905675,-1.530309904728119,0.9133156817610354,1.4898497969197468,-0.19042637356837375,0.8340206027175235,1.2563999759706792,1.0674513913354937,-0.7981861442311616,0.30256870595600227,-0.007096122341372455,0.35606149714375784,0.4049125579119275,0.6582611070392759,-0.5755839931141076,-2.2962892440229017,3.012862338107015,1.613332758007736,-0.20332523538092584,1.395679603236091,-1.8598253306272428,0.4340764624443158,-1.375025779696291,-0.40289918194838337,0.7776151203043541,-0.8681794163116243,-1.0627392572174847,0.41373409127656374,-0.88669438928513,1.0895270392523857,-0.3707880055666822,0.31550356681049324,0.18811073579569745,-1.9832944016009175,-0.2085410593473255,0.4874679606565588,0.8940887356620755,-0.4112587919465636
In,0.06209399886279724,-0.040561926376281816,0.29607530463747084,0.9787613234203654,1.891082015773605,1.7798149895410607,-0.5454798750167701,0.29104496309255856,2.316952915408936,-0.2076962857785937,-0.07170292841475823,-1.3659108366360406,-0.14357028227539168,0.5876153186508688,1.869010710963324,0.1994426851138882,-0.7810928059543233,-0.6135060425007133,-1.7599053832922067,-0.400151464311512,-0.39172072161721777,-0.0002114064282834134,0.8731886618852701,0.14651747748458338,-0.8451514385913389,0.2176237666032358,-0.8066142433166195,-0.7095960665027539,-0.4804452811372503,-0.21099638026119238,-0.5876569336662701,-1.4269591886643465,0.6562077387702504,0.0676612242077063,-0.559554657320288,-0.2627823870394401,-0.23153675596622725,0.8658916040670394,0.22497005659816596,-0.2930463085285571
Sn,0.4144703545742177,-0.4397555991949343,0.8947407549480088,1.4936942842618175,0.6458654749096456,0.6131501565613016,-1.0369451071497442,-1.6449531629574354,-0.04877849836632059,1.4446766566153177,1.6575119260082558,-2.7326797819281965,-0.4162496966479775,-0.6126045483462456,-0.38726556800690326,-0.3947034812509623,-0.9285644414235712,0.39714536139440987,-0.19926728247467107,-0.2877369712958683,-0.4703021361990208,-0.2859242112202192,-0.46638754429151075,-0.8123836607452503,-0.9982985583878897,0.08294931833905413,0.5462350770864084,-0.31835397784772507,-0.09355378308247493,-0.012972486056741629,0.04121185993841106,0.19500237016791824,0.3921607450761039,1.227791616083546,0.0002589548228838434,0.18117908382869224,-0.4854625689346933,-0.7273097049343475,0.03444549480377569,-0.17805277807549066
Sb,0.5387504146667688,-0.3309454342542693,1.6583091336488864,1.6603849324420186,0.2746142905183154,-0.097338779396004,-0.09543369444960552,-0.47952041488225206,-0.9689738421391455,1.655822794230316,0.14720876205282202,-0.35935556650153716,1.6880714356566897,1.167481658071394,1.653077300937488,0.26161748144641034,-1.2691645438235573,-0.260321790871788,0.09327873814726684,1.5232086690504965,0.7293745278877588,-1.2522117907365493,0.18448295189752914,0.34859294890129533,1.0073115265248005,-1.0931022159792805,0.07232707341680678,-0.16037743341804972,-1.3444150576923792,0.938512215922639,-1.448486860274248,0.709701744732773,-0.06311639625795706,-1.508342922353044,-0.30975859413911,-0.19137838709507388,1.109496483889715,0.06253061554817352,0.46227830550511895,0.7106455403089459
Te,1.3022146331356688,0.010542766513323034,1.8377209646241048,1.1864308256300746,-0.45643168883723645,0.46993832402638797,-0.5155039176394468,0.40235704176125486,-0.03773917545586508,1.746424348816623,-1.7122259423415933,1.3450369129694026,-0.5489959260884105,0.5682239371163006,-0.8191924953208467,0.04631547614573118,-0.5171319224286481,0.29748920743695034,-1.4302235378289163,2.7485400352945173,1.0403239626974183,0.7027351698571426,0.0565729062557721,0.8701968886174443,-0.8121859028069095,-0.696336757037575,0.10949057565113586,-0.40688946257389136,1.0392064685900357,0.13309783670386188,1.9323477124016646,-1.0080353909335298,0.3152663250468003,0.3288198282802923,-0.5139490113378357,-0.23628573015742438,-0.495952054739438,0.037894200194745584,-0.6382055198768068,-0.055493593944754484
I,1.8831545183515779,0.9813150874862767,1.4495330674304199,0.4242604331829554,-1.204849927025229,1.3253632526104844,0.10991674055094316,-0.07298029856734015,0.9024142144826292,0.378905746754026,1.1706755090151595,1.5556484929887506,-0.9805011499836194,1.816923982025479,-0.03222896781701606,-2.0287586771407407,0.5415597872134891,-1.508570645477107,-0.34903678089960255,-1.345582235977929,-1.3335778485684169,-0.8162807735100448,-0.7127912426556424,-0.57047955791852,1.6876480036311146,0.44396202113278577,0.059327771434975064,0.27808481414347364,1.2522373455042342,1.2095424129361196,0.4174397117885225,-0.035720968182161576,0.9958803103914062,0.7317588610259266,0.08228145422772237,-1.3362181860927103,-0.007953762942395403,-0.8170644448495464,0.8544536115688565,0.2946192121810914
Xe,0.0,0.0,0.0,0.0,0.0,0.0,0.0,0.0,0.0,0.0,0.0,0.0,0.0,0.0,0.0,0.0,0.0,0.0,0.0,0.0,0.0,0.0,0.0,0.0,0.0,0.0,0.0,0.0,0.0,0.0,0.0,0.0,0.0,0.0,0.0,0.0,0.0,0.0,0.0,0.0
Cs,0.7384288623289645,2.4692585529569593,-0.0080678547925394,-1.051469854707202,-1.5282401242051022,-0.2826327320334795,-1.2125724420297703,0.2588597168319399,-0.07417133799757679,-1.7987494341367767,0.235570888692289,-1.5728931007747833,0.7788355206997213,1.4361817924752123,-1.4913627236790032,-1.1581345464649384,1.5172840918675465,-0.08207288189630597,0.19881464724146256,1.321644208365636,0.4212943248833866,0.45649058497944744,0.18543083135828112,0.6053484679347513,-0.4192942542301631,0.48628290125814144,-0.5319543713203839,-0.7751663669318232,-1.7587890165591817,0.20362115621337054,-0.9855775762187364,-0.10543299403213244,-0.5601054047013792,-0.10659148064493056,-1.0671773345300448,0.7966189191525598,-0.6875371619586523,0.15220716301454326,0.28553459533650555,-0.7529644943735954
Ba,-0.4893217087619207,1.6214889625438649,0.42518888779583947,-0.32902844661790537,0.5651984308170734,-0.09737305767641963,-1.4975917268199936,0.34118672444484593,0.87778924180195,0.5524723981669564,1.1913489745128245,0.8482985151251976,0.7757029469523539,-0.35568224124827386,-1.2113498985085938,2.0288954653162716,-1.2021263053559783,-0.04758754075531667,-0.8568568850377454,-0.46144995222893426,0.42306157992296295,-0.6086799677216415,-1.879671997990481,0.36440249136052716,0.9669252469067515,0.36218416638065587,-1.7281186081021858,0.7005792086388437,-0.25747131949760205,-1.7558199311896143,0.23433420666949567,0.3856771186672972,1.697304157290157,0.8056249155244863,1.0078963321702923,-0.8867152536713847,-0.36931658035353654,0.1895561099871027,-0.07971522988220667,-0.2944821962071296
La,-1.1546864379362005,0.8643350421112328,0.553336971637221,0.4470460027666959,-0.03682013736265372,-0.22978676134846815,0.008444071173095187,-0.8247326671391824,0.1595692955491533,-1.3236814558714516,-0.8478144508892005,0.5319119429053283,0.30621612634792067,-0.17706885959752633,-0.5747301335289887,-1.2202477792512092,-2.0935174823655136,-0.021464287774892333,-0.4205587493583269,1.4995607753688605,0.20771267245945585,1.1987014874326771,-0.7728418378967152,-1.352116370083985,2.0340667123693206,-0.03792614867328007,0.9158718254047942,-0.5922826400411209,-0.23935950735731035,-1.5404283575563735,-2.336063393166411,-0.9093015916991031,-0.8804912707220681,1.0267428959045677,1.877638754793565,0.3589717843419404,-0.11811548930180094,-0.3312236895523513,-0.19416864718994656,-0.9962027794511148
Ce,-1.1477778934410519,0.7328844041407981,0.1953180633696219,0.15793994472392717,-0.029781638097660563,0.08432151971445348,-0.06579573654039025,0.48454322077879125,-1.569478092543236,-0.5965979714963753,-0.6024955536956523,0.2013432375212517,0.10292682935292001,-0.2575561152815497,0.028396945790621173,0.06975745240298864,-0.0581188862121737,0.31103730407938046,-0.3147038552843274,-0.6933958619408058,-0.2613583858430793,0.19405795201339202,-0.3014390791644213,0.4560979675263572,0.18466743746861947,-0.7745853275775706,1.203103320044045,0.9907485535735747,1.2776125547434523,-0.4179704517189739,0.15774962285345057,1.7299674221645096,0.3829578862761983,-0.6518470944064205,-1.37078466009706,0.22608661954787707,0.4273092060080361,4.456014777295716,2.1604303957811313,-0.2191462189266737
Pr,-1.0578483162485293,0.8277116237872693,0.34398743909872465,0.04361124155036229,0.23047990514205996,-0.3325675497786726,-0.46826047691498396,0.3969673222991663,-2.1826960127958563,-0.3213846396264806,-0.1447640891612464,0.3894831888285152,0.2057074083385094,-0.5287858149958098,-0.408954166264864,1.299390813351937,-0.45257082425051093,0.671897543870647,0.34969485599569305,-0.26973203531663165,-0.9282153433584647,-0.8203755240624672,-0.6843767499410949,0.017362861572771504,0.22508778633179619,-0.4479934114660206,0.2860583596704469,-0.562990897536746,0.5083186193530438,0.41039165187241367,0.25637352095539967,-1.910647865323461,-1.6709175175520072,1.795684940062786,0.8631943514803384,0.6904761463826355,1.5960412702057685,-1.397335888564653,1.4413202413379498,1.1380007957709273
Nd,-1.059566215701935,0.7553820901338124,0.7419404142431079,0.3573453067600706,0.09821333955353026,-0.29935110818858457,0.48271245903407206,1.0810747310568063,-0.14536364929813167,0.24618262518633302,-0.21550856616247493,0.8139990347024829,-0.469508608035018,-0.9353971160633253,-0.10907678133211632,0.5262985488435831,0.01880418213295837,0.2969317588047128,-0.6690248357692954,-0.27303005767203964,-0.10969218235492917,-0.211565246476661,0.417830068731053,-0.7203648160060334,-0.6153156722737281,-0.8730302301135084,2.8100148402071503,-0.8683439681764719,-0.9588720112161268,-1.9069686463996882,2.1212580830555017,-1.5887486101827462,-0.5712486300509667,-1.6294316131340774,-1.6425625692099948,-0.3455408336579672,-0.33943668910585256,-2.6631961480776085,0.6408403862699923,0.3966270169137723
Pm,-1.2644524673965882,0.7021206485879916,-0.10871948777052944,0.06985380364056848,-0.6681544168012523,-1.3335310489487444,0.030365612729956148,-1.0776159074975886,1.6981502395657417,-0.8365836854758985,-0.09767042391655387,-0.9676180263587394,-0.36575180156673154,0.6627791019551855,-0.20609643562542485,0.19575899129119978,0.73744663604188,0.9292588771694782,0.32326030396746475,-1.2134291396636774,-0.04894337708422342,0.04784227152049456,-1.3708245843114604,1.5934399922009328,-0.46750212388320306,-0.4789447251705555,1.2767641402351162,0.5832620925188873,0.05616009722146917,0.5064638072266971,0.77757296657818,-0.20424806600413375,0.35479398479518376,-1.004846772044713,1.9262907634772355,0.06195809564010772,-0.31604646406958364,-0.5114995363784285,-0.6955106298615481,-0.9834210926982998
Sm,-1.1932458840411049,0.7660637879197325,0.3364979390877581,0.2552731797537377,0.08660461513708921,-0.16391716065927792,0.5774045049495505,0.8625155632026199,-0.5924642323978621,0.0004226387813500272,0.2629096924560749,0.5066154779228074,-0.31943931328350306,-0.3235746662628773,0.1325933621628861,0.3555335762304088,-0.7532184292302303,0.4124649777846845,0.07851376997062832,-0.1335450197006191,-0.15922260298119825,-0.37649836168859097,0.2402929807656596,-0.05493177679715181,-0.20245272413242732,-0.7007132424924519,1.731892227505316,-0.40354771960786,0.1813550186692007,0.7319847315055678,0.7545458235415319,-0.0942704430615932,1.6781839298210268,1.780152013341541,-1.763884335097707,0.6302353653038046,0.7533953236489146,1.642950687289608,-5.20218898518308,-1.5474958639418646
Eu,-1.1786444549997142,1.0211925561762045,0.28568675751505374,-0.3653969703059368,0.3494439233994089,-0.3156233885395511,-0.21951468759857048,-0.6096949538475337,0.062218014187461264,-0.883936940339844,0.1027280014783157,-0.20839328841208227,0.5678332556595735,0.4178973667653994,-1.0549857805919376,-3.011544211816515,1.131351716799421,-0.45971606710964996,-0.5965657638097973,-0.896024149795732,-0.1721118411427099,1.0991371095849973,0.8965425429422244,-0.4489365576503855,-0.28337519186447224,-0.8256465395048853,-0.593486039970108,0.14135418632554908,0.2774593491390068,2.0304138992788325,0.5424213185201273,-1.006659836543413,0.871176015678003,0.4983196767581597,-0.010172102563343503,-2.8972039850803797,0.2545362165433962,-1.8296376518943587,0.52433998163496,-0.8126300697399506
Gd,-1.456247500662918,0.6502070245944822,0.5655526087610504,-0.15796943102747676,0.5217980545166864,-0.8292315991205199,0.3993060487163657,-0.4529174127378481,0.5113108393330308,-0.6964226128425527,0.5409826080420624,-0.05113558224055916,0.12020880235239256,0.4663496663488861,0.09028506275148322,-0.16490468177329762,-0.24718139903602648,1.2269332406963072,-0.14196739459384253,1.4518825360685192,0.1453945148126324,0.22660640886206426,0.8780130025005413,0.18725255156508094,-0.5863213665924452,-0.029624683153286077,-1.0294233682315255,-0.2655514365090891,0.20712989769420517,1.250621075260834,-0.0783141536218534,0.31781111141836055,0.3276704163496611,-1.5568823475151738,-0.3652465751038762,3.2144205917788726,-2.2828834155404683,1.298696946079848,2.7791444384251016,-1.1078146619850382
Tb,-1.1443496065791015,0.5628715333535129,0.2788741621552225,0.5571793463011948,-0.1997854200851535,-0.3385612249090683,0.7185886916673762,1.150115480284237,-0.8036593786058563,0.2506623905174911,0.9435182674573876,-0.9646488096653125,-0.8291908078639381,-0.03062711598740322,0.12554210443803732,-0.6532864266425745,-0.48038599127830744,0.052352982194928815,0.20060946805851568,0.6032161430251448,-0.06578619484909864,-0.6286846195694717,-0.41248524270852804,1.7866718377368822,1.146381128241659,-1.1219656045020179,0.2861045209374798,0.7660896239755968,0.22997127691433544,0.6779165292032037,-1.1184576547506886,0.9741537204886174,-0.1626318556255368,-0.6733386270059492,0.1912279015186735,-0.5336623947501083,0.7693034332070016,-1.5030763162449565,-0.5856207179119088,3.5212371941297373
Dy,-1.2319967626161454,0.588465660084994,-0.41711548837252777,0.6211304689913253,-0.4515793533934931,0.36200643562897805,-0.05255204941315137,0.5527739512624547,-1.571520731105249,-0.6059599742429826,-0.45265563990567237,0.16364506869609136,-0.0036527931265839357,0.5886993625462537,-0.12506979196073753,-0.770596524816421,1.2119947180322277,-0.09500228386531934,0.6735645467027405,0.21271419548294504,1.1024947442171085,0.2612974548973012,0.03801286399972984,-0.11654880595672305,-0.4368620365833343,-0.798138132792028,-1.1265778630927008,0.8958436088317819,0.8930732543024367,-1.8991451331716438,0.3285424862997745,0.23628817772204727,-1.4409922113938547,-0.5288169776356898,-0.5253243720716692,0.6357214597871835,-1.7774672353422802,-1.12055215322378,-2.8764728333681684,0.8331000600779825
Ho,-1.2861112633634961,0.5912627451915123,-0.31455574157615945,0.7533162595511234,-0.5268523902494342,0.17996873774357722,0.6980736336954073,1.1008540752684024,-0.4572024661208992,-0.20029982604414356,0.5822303676217581,0.45734298106709137,-0.23474213714349257,0.5518445348156307,-0.1967492663126155,-0.3583902268309619,0.8329141730095426,-0.3395561330102708,0.6475698654285456,0.6755072413750914,1.04728729545319,-0.5734735752666561,0.46219681933028467,-0.5045578810626068,-0.48444113991505033,-0.13936181237653955,-0.2245783724117558,0.15754156598764918,-0.8728962356150398,0.33280944686914576,0.19884498547926843,1.7298443424596486,-2.394625174506546,-0.6421889673990773,-0.3890881831307841,0.5601508557713052,3.3147712114457177,-1.0188504072684292,1.1202255466764017,-2.2819357667655615
Er,-1.293450203116523,0.585142225392,-0.35545641595962074,0.7886060708635136,-0.5784037412456482,0.25688512647195305,0.6947940949515227,1.0816115524036896,-0.5966424467863685,-0.13790871056474618,0.4231921668923483,0.3706667294066306,-0.08730988283619517,0.4691145856318403,-0.08242326983778679,-0.20670250758229164,0.7761984774030254,-0.4148032834251239,0.6753877768819002,0.464998392312641,0.9574544094808852,-0.5245822927514309,0.3314582948093245,-0.06323197678983622,-0.5427838429993879,-0.20876858474206653,0.42926880177047855,-0.8530730629109133,-1.6383421353597172,0.890417844770577,1.2764940084791538,0.3822927670919116,1.8024340041082985,3.2717377403037253,0.49490703236607225,-0.9521843244762066,-1.3285492780368064,1.0731649133666525,1.5129245877896198,2.497111956897578
Tm,-1.214029990237005,0.1271598532775491,-1.0216976070448218,0.8210101419904104,-0.5302297754619286,0.12092622228257345,0.02352552931657017,1.4135986913091552,-0.07528742725864186,-0.0207989187884577,0.8446398872184582,-1.8041398505394346,0.10214065991718037,-1.726826100819814,-1.12074085022404,-1.7091012567806039,-0.7220546569348035,-0.697180667582183,1.1765282848438048,0.6242620704738258,0.3487399449592423,-0.9541880404067261,-0.08223464032657797,0.17300637160555968,1.374084890005008,0.03232816427897064,0.11936577435453914,-0.8210672279471689,0.5636317736085081,-0.9290226501883894,0.2786692693186363,0.2113529688627941,0.11991911561695032,0.5767616570854256,-1.498242689059512,0.25429059388227165,-1.2957750870673561,0.33803837978551377,0.20358622809165075,-1.1933850092400935
Yb,-1.0735052116559753,0.9377629530659574,-0.10641628589983637,0.18936879920847213,-0.06919663285316348,0.49192221996386026,0.07034536448939284,1.4063215880944615,0.023700486990138266,0.7369230154164608,0.9261730109582369,0.698445031886141,0.42791590110531147,0.8593429798569262,-1.1850211749248118,-1.4781785685804376,0.30190471728757673,-1.4384509864680404,-2.0196559321371135,-2.229615254738445,-1.0880984805209666,-0.23442108833396658,-0.26250825509699094,0.3429150289662308,-0.5438449475379389,1.0010806682890536,-0.1815572488557173,-0.7256688861442421,0.5729667949846806,1.3564769255231108,-2.1264924283678535,-0.8479865151313898,-0.22889850391787558,-0.8301428360755956,-0.7106093886853659,0.07173230232451441,0.588564379743135,0.6896780588781612,-0.6208924862581023,1.2739959421279448
Lu,-1.1067143933468337,-0.016574612954219047,-0.5067668641760568,0.1927382128133284,0.17705158137983476,0.5889415187419355,-1.0848620998850376,1.325340735606246,0.8148196722083832,-0.8412610840406939,0.4635020066497472,-0.03531676695067451,1.7167984332325754,-0.6582217500450583,-0.34029318090501337,1.2878172727537864,-2.1096249730523686,3.0460998189524915,0.4640356584587655,-0.3861546320400706,-2.167816314616978,0.9487264983013212,-0.0935739687425328,0.3625987814564626,-0.2224955891482871,0.13911710325367813,-0.4665075871769708,0.9866785314140886,-1.3147501140811162,-0.23452614852776563,-0.2049436199271598,-0.7451573459619144,0.3113217529268517,0.9185064089779629,0.2198913584984479,-0.7742546362627365,0.5210475526283752,-0.8112459793056778,0.8879197698115315,0.05719137194192155
Hf,-0.7539241071589694,-0.8114539315011033,-0.3188843968729936,0.992543108339499,-0.3828540030477998,0.5597788840669261,-1.2400513278171414,-0.7037573712896696,0.7991800355105277,0.3294194730990243,1.6409222657995042,0.7433809708947426,0.6325628421296112,1.1421912010416015,-1.4800796475565339,1.2522925595948908,1.551996191713097,0.023243796504209855,1.2182140879532493,-0.1449108703253279,0.5928396109605641,1.3093451106477638,0.26865589865132405,-0.5660239718945324,-0.13324970439346318,0.42622218996628697,0.07360303039461322,-0.2633134626195119,1.5182084289857778,-0.6614306625380205,-1.1548639231054434,-0.864424440054086,1.2402852815911156,-0.6753373227823405,0.11096320249008941,1.074367463032335,0.8545217725742174,-0.6396830232442322,-0.8697125968577671,-1.4168110849192754
Ta,-0.6508935355954606,-0.917362478077446,0.09391857928558645,0.8590880945131909,-0.31639702965647315,-0.062438436433261024,-0.9447671962619498,-0.8604400471932095,0.41682060093497036,-0.0787279210504844,1.2224250517727395,2.016488368013612,1.640365479354834,-0.06155175016738217,-0.16538657539358897,0.6728687505981688,0.5089529624412166,-0.8348744467536662,0.16028349968565345,-1.6474164875085164,1.4178432355483224,0.9123448962278469,-0.01755609856502405,1.7045143537437657,0.8530313268456505,0.2564991473225465,0.45656126600733815,-0.5964200922242388,-1.345676447834984,0.8622070554353318,0.45555442856952433,1.2186174011746889,-2.385457738603304,-0.3096326558002199,0.7270978056371209,-1.411662341054516,-2.029434397314782,2.2404012124473702,-0.10811710944259934,0.9043821547599163
W,-0.4165059432547509,-1.2528042669550052,0.038992109449152684,-0.049145683599153715,-0.6001271402646234,0.33144249672964,-1.0917041827011889,0.15749366605131462,-0.29932492073434325,-2.3125878663254826,-1.0968281247373761,0.11496992495235021,-1.3364466658663967,-0.40785676818969724,-1.5139203277246422,0.591657301586281,0.5737491226372446,-0.6269052431888278,-0.5902629793700365,0.2748420261104051,0.7117983212138914,-0.567516051124679,-0.035196546135479324,0.8336529708756124,-0.018473295985549767,0.41341319775508134,-0.6985312838296321,0.23171187785418648,-0.6972967824640156,0.16524389148431864,0.6977598936758999,-0.27244725345867665,0.40498293354564646,0.4861881625304426,1.8631535880998917,-0.321637363675311,1.8028541058325747,1.155764196676183,0.21911477518438824,-0.21471303033514316
Re,-0.29289813471025833,-1.4156008760267864,-0.12507329066126463,-0.2964304821843171,-0.24995472973808058,0.053730058238453185,-0.6618014988023391,0.5204940779608713,0.5660304332057392,-1.948359727870649,1.3984344329924099,1.948341513900992,-1.4933204392757276,0.4797580009222151,-0.20414062823182424,0.22683795565325246,-0.7964840157446622,-0.045585759488577085,-1.2320029388019038,-1.0388990950139845,-0.27804660993582025,-0.8637038365415733,-0.7277323735151119,0.1648411701671505,-1.1402810991827845,-0.07650630087116123,-1.3853376923754046,0.007579790557524074,-0.10680321881293128,-0.11292609879450893,-1.056733051239484,0.5189995811804787,0.4957732620694165,-0.9917197693138016,-1.3921034463325772,2.3952200013135454,-0.5076743941096018,-0.36256669231350186,-0.6104668854519697,1.472652439257496
Os,0.04557262901048486,-1.3418173333043855,0.8206880132172363,-0.3307536978800182,-0.6795747012196279,-1.691909605772793,-0.9173807885839905,0.993979204122882,0.19500804498207602,-0.07531272278569784,0.2847178961850522,0.19381871743104345,0.5696605482464562,0.6084578241272325,-0.9819805023120556,-0.866588595375621,0.3113496691154479,0.47319333997044366,0.41969394987721304,1.3609717478682466,-0.6276072933219765,-1.9566671544455256,0.8906288674456906,1.0743742689821578,0.059695682142518594,0.5253576519934489,2.4763652998039483,0.7684981114853581,1.5377499121451466,-0.2995231917673841,-1.4168991566737215,1.6108071825674366,-0.7064935558906033,0.7645985933730916,0.326301592434309,-0.18787456405891415,0.5976391439185349,0.30037864282597754,-0.14176203508560647,-0.05502630396621052
Ir,0.022825181418092425,-1.2670362415387597,0.9391310432616555,-0.4795665698351844,-0.3661492282982958,-1.4162212811777724,-0.7382167843104352,1.5305350068203831,-0.029122273946249187,0.37544959172862824,0.27122474097707505,-0.2531063306654518,0.13489307013283847,0.18711770832661923,0.11205000224798176,-0.7526008049101319,0.7001928814942074,1.2452997504727654,0.45101458782082265,0.2714306103722409,-0.2592138497029314,-0.36508692115641717,-1.6829443306349712,1.4801941096287394,0.9403699757270889,-1.660270996141093,-1.5592034428585848,-2.9809812402436515,0.4552618657198263,-0.9087514690556392,0.49170455148572256,-0.3112506991708071,1.8640755614369282,-1.4131229641024197,0.9609639298184822,-0.2731429544848903,0.6759824809371431,0.22955978036873334,-0.8404131333881092,0.8683766700353164
Pt,0.2096988075642505,-1.15560405276779,1.4045612019318314,-0.5132521274736419,-0.8951599150972585,-1.0141246903973036,-0.8365192883127209,1.6256291725349004,0.503306491877756,-0.03200559827476953,-0.32073033775353404,0.4345347065164005,0.5737551657351548,-0.10053990621862646,0.022976616646821525,0.061142979986313926,0.4584074939779474,1.3178651789472997,-0.06717134821120908,-0.9743451623280044,1.9219274804754138,0.4054503156043711,-2.027454211956338,-1.279167886148153,-0.9064550438344993,1.6780339308690262,2.2220291394883955,0.8135459937211126,-0.7403623533665074,0.5482354877839065,1.596815357419218,-1.133614900219607,0.15022802069996297,-1.7728953962466096,-0.5233396261949025,-0.4923627680741707,0.5204204933489002,0.35950986760810655,0.3842691905834829,0.5188874389150306
Au,0.5509301102647268,-0.3995634713331326,1.8551538353492456,-1.007988968809391,-0.9159217843803121,-0.36821893146791673,-0.8044771009945272,2.3543543997795116,0.3977594285067714,-0.23216386364609534,0.11498976101434374,0.5030125414068468,-0.3872361288854873,-1.0091972312000457,-0.3326952092473364,1.2494237855939203,0.8268477417541511,-0.47818828430848065,0.11843164626758607,-1.265204126409981,1.3998308655485976,1.2556337361346543,2.98028848391927,-1.104442709000039,0.314135770577576,-1.8891026456105482,0.1845780833348409,0.26312236752907375,-0.202686572161288,-1.138706925699806,-1.6645522672264328,1.458695400621066,0.19169307614556927,0.9835840331044844,0.7989099922409043,0.3998561947414929,-1.2615790747461095,-0.993468835696514,0.4047801529690594,-1.244108140140509
Hg,0.5861293615480627,-0.12313928152387567,1.206744481455091,-1.0015121108716258,0.19791054332171326,1.8817045138690354,-0.11959232827371029,1.8912756759321505,0.473785399543625,-1.6943919472051645,1.04136470992846,-0.29763324548918774,1.1508581595360452,-2.2166963800163195,-1.0716347998932498,-0.62851178351426,-0.9903081703719221,-1.2219203441234059,1.6470038341071984,1.010609028921997,-2.039226222514541,-0.5966537262599961,-0.30459717160959077,-0.8963605376769844,-1.01231944731325,1.0078737101296575,-0.8745431632478481,1.0175762192501392,-0.23151186313316194,1.1624361979207087,1.8379146046969836,-0.11952913207219608,-0.7105931982113676,-1.0898756316605398,0.806576389893312,0.2880872205474532,-0.11114716724672852,0.6983666919491157,-0.7997050096679671,0.040976727823919375
Tl,0.10671901855564514,0.19003473141089824,0.6180780044372598,0.8533509505700356,1.7031272633323802,1.4403681173577638,-0.834145010207406,0.9505728653900357,0.656547992990297,-2.2422786642320323,-0.26883475356049386,-2.283141652277044,0.5584211220317693,0.23844630446961068,0.7249432309321862,-0.13887799839897635,0.40714163773210443,0.3157796449781456,-0.31744771778726094,-0.7360783503569679,0.8968204490758309,0.027466837944286886,0.07115944264812106,-0.36036850677706295,1.0084565038327158,-0.22545939314766839,0.9126161916630312,-1.1661294615422857,1.556561283313255,0.05530257442386484,0.751511467671864,1.045697460145276,-0.5308330794490785,-0.019472078408218598,-0.20864873922655022,-0.028515606086066087,0.18696226041146513,-1.0209916773253964,0.05073809683243752,0.5392993997817409
Pb,-0.00045393750448558483,0.050352790533668215,1.2507523257300328,1.2482885994953137,0.980540730282422,0.8773179793276691,-0.2859427042848656,-1.0352751175375277,-0.9422637035046939,-1.1500822991303392,1.1559571978274792,-1.0282655162026142,-0.8222244361799189,0.9547267202420937,-0.9097230211325442,1.8136570709198492,1.0201122414842403,0.7210950684976226,-0.032594881402465734,0.29086931405822747,0.05876730403370031,-0.3033791905535071,-0.6470425776060252,-1.1601345145145272,-1.600852553907257,-1.0601498615760867,-0.24012134044815628,1.4816130137323376,0.8135519897513451,-0.3933374176896098,-1.0062215077619017,-0.47694465029983024,-0.4964221765683447,-0.19598054532023335,1.23926543489707,-1.2757551516614536,-2.134639708595157,0.9894646936038042,-0.8154156912324337,0.4075926767561308
Bi,0.2070948179527181,-0.0564650479645308,1.6074177714169928,1.4001094193624457,0.5268429804958669,0.8915428421507512,0.007654014183446212,-0.8165126296227808,-1.6510470244588589,-1.6872823274589621,0.5444103406448132,0.2173217802005024,1.6225395784490622,0.8250014486480982,0.05468046877345976,1.3368724006032158,-0.03185299356181816,-0.9134035076063367,0.03232583409095276,0.23269664802773157,0.20894743928437998,-0.6388864066008179,0.45449729809695794,1.485626798776133,0.3414972912702803,0.5277162305635965,-1.4778689264969949,0.17008847246426523,0.7533843477316411,-0.11039903170818274,0.8397320296848071,-1.0196199949978821,0.5077586883197084,0.5476598910628376,-1.0684574713959774,0.9656481175708371,0.9055926772747984,-0.8073797635455918,1.2138191700511516,-1.9085349746651479
Po,0.0,0.0,0.0,0.0,0.0,0.0,0.0,0.0,0.0,0.0,0.0,0.0,0.0,0.0,0.0,0.0,0.0,0.0,0.0,0.0,0.0,0.0,0.0,0.0,0.0,0.0,0.0,0.0,0.0,0.0,0.0,0.0,0.0,0.0,0.0,0.0,0.0,0.0,0.0,0.0
At,0.0,0.0,0.0,0.0,0.0,0.0,0.0,0.0,0.0,0.0,0.0,0.0,0.0,0.0,0.0,0.0,0.0,0.0,0.0,0.0,0.0,0.0,0.0,0.0,0.0,0.0,0.0,0.0,0.0,0.0,0.0,0.0,0.0,0.0,0.0,0.0,0.0,0.0,0.0,0.0
Rn,0.0,0.0,0.0,0.0,0.0,0.0,0.0,0.0,0.0,0.0,0.0,0.0,0.0,0.0,0.0,0.0,0.0,0.0,0.0,0.0,0.0,0.0,0.0,0.0,0.0,0.0,0.0,0.0,0.0,0.0,0.0,0.0,0.0,0.0,0.0,0.0,0.0,0.0,0.0,0.0
Fr,0.0,0.0,0.0,0.0,0.0,0.0,0.0,0.0,0.0,0.0,0.0,0.0,0.0,0.0,0.0,0.0,0.0,0.0,0.0,0.0,0.0,0.0,0.0,0.0,0.0,0.0,0.0,0.0,0.0,0.0,0.0,0.0,0.0,0.0,0.0,0.0,0.0,0.0,0.0,0.0
Ra,0.0,0.0,0.0,0.0,0.0,0.0,0.0,0.0,0.0,0.0,0.0,0.0,0.0,0.0,0.0,0.0,0.0,0.0,0.0,0.0,0.0,0.0,0.0,0.0,0.0,0.0,0.0,0.0,0.0,0.0,0.0,0.0,0.0,0.0,0.0,0.0,0.0,0.0,0.0,0.0
Ac,-1.1741432184151745,1.0204435339905467,0.4487854846764526,-0.03744366128485671,0.07435793927531295,-1.152221012576245,0.0056332881206394405,-1.2240282519060148,-0.9830372801791492,0.06749115856790874,-1.0331310975301613,0.27030753381870953,-0.37167327678396006,0.0507104109899268,-0.6154642689512333,1.3220243103619804,-1.0494013375128772,0.38000722642849594,-0.8188184167647713,1.2283265492309314,-0.37905791625395957,0.06427887293941931,0.5826428000589917,-1.980083970486655,0.28089268091233266,2.4899707720084425,-2.6315622690143647,-0.481249109927725,-0.7994350062185296,0.2500447429905788,0.08933556991777725,1.6789030970439058,0.908328637432327,-0.6544328748826184,-1.7015990275842139,-2.1521133569337567,-0.022877738262876455,-1.1711655696697036,-0.5005690789802262,1.3494747320135743
Th,-1.2284842007212669,0.47139152871282225,0.020905164767594363,0.841770678110979,-0.2244207180839438,-0.49707765110260943,1.17534804694845,0.5533912257285388,-0.5628494853593096,1.1727222706112106,-0.6841762447533718,0.15895885938484447,-0.7800279011778258,-0.31017133858253065,0.7715797873510015,-0.03507674358730275,0.2408369069711612,-0.7337456965312847,0.09986837156779389,0.03414278227574629,0.6597331616336081,-0.3703679338457145,1.6275983663307285,-1.7357165244842112,-0.03833310171717393,1.4191798207066293,-1.4552201018844477,-0.4026138059204275,1.400070949299139,-0.12006289769145942,1.558782823588938,-1.0351873624999974,-0.7595795631353768,-0.37538141924265417,4.045034353054392,-0.34801563175049366,0.769375227809058,1.2503222917790549,-0.40142391185693227,-0.6322708598475313
Pa,-1.1569316810879924,0.24001087049829634,-0.47327417629896146,0.7816941292173732,-0.703374673380523,-2.0901811874546707,0.48752882727004393,-1.1801561951581263,1.830219895027635,-0.36205495829890383,-1.0250420777511646,-0.8617341819905471,0.3679560626157799,-1.116073838894295,0.8111944695942319,-0.03501792504271055,-0.5451803121905903,0.12463184014995798,0.6346556546427325,-0.643850086273871,-0.05643953760159922,0.09217969198305027,0.07128899799721247,-0.2061348520737241,-1.4059758101035174,-0.10448876879241603,-0.9453346010533673,-0.1182163745458277,-0.9377866005760069,-0.3976934119944148,-1.2242892479241456,0.5195954447170597,-2.065691865260594,2.0109042493307188,-0.9796531059979092,0.12598606237958632,2.0095824896720105,0.5217344044134326,-1.3623322537574378,1.4614250368936252
U,-1.2825157849660531,-0.10244013354770004,-0.424657373149478,0.32767106568721216,0.9770324427642104,-0.1787173363956009,0.9622408256941329,0.9805176277066329,-0.535095270039967,0.22915182209647308,-1.422777045930715,-0.6375412478443037,-1.1316239693838173,-0.41728389147240563,-0.29153552253102855,0.1809400033181951,-1.393154168510933,-3.024564597012022,0.2145575872663649,-0.8521419912963003,-0.3134649917865168,1.1282651474897736,-0.47907630019868064,-0.17860260117858434,-1.006845302719803,1.743814379012554,0.43015750794572,-0.5430662556813556,0.10822461064005881,-0.1611627666022871,-1.6021030938696126,0.506637801044949,0.4140221396620341,-1.11182474011708,0.7374391301765196,-0.5220825135684743,-0.39636168007607353,-0.1510350820388983,-0.5059265769931137,-1.3142023986606426
Np,-1.029107667820328,0.7803408605806219,-0.3518122064525933,1.072517791489408,-1.0933172771774649,-0.6807666996912736,1.2861063844091012,0.1535933973901943,-0.3673376819696785,0.8544690973227931,-1.4605660310577762,0.06714936577247402,-0.8153928573258038,-0.35012422371416785,0.7225806786493447,0.6904878194776778,0.34104139789281634,-0.2965601006608113,0.5002903533400009,0.12755626220384325,-0.3037662966667358,-0.09101603606118736,-0.21095267234307874,0.35289486808562087,0.16902992595001892,0.7249175890717949,0.30764857599353235,-0.4979631935608421,0.6587509367299089,0.8772745048520805,-1.1289344441849931,-0.8665611623612751,-0.034548839613002674,0.2898574253725044,-0.5002818835443177,-0.7969520704459357,-3.300107028296253,0.6012580767987983,0.2552285631213229,-0.5965819181115644
Pu,-1.19570881658168,0.47528717278072397,-1.0774701004073184,0.8683616343765415,-1.326721784199011,-0.6458801872743625,0.8317637994936035,0.5565457962196045,-0.13180715098461368,1.1532627757997684,-1.218935274964226,-0.3801273687964397,-0.5406696100952374,-0.2704499433425754,0.2976260813212542,0.28258246280717964,0.34913957041250004,-0.9941875555271017,-0.4716144307859948,-0.4837610527582064,-0.4643159512833558,-0.20936242239275624,-1.5278035569198378,0.08391532512260448,0.7402107380521622,0.9646694378503671,0.12113187641014905,0.4883064198449459,-0.6762544446575035,-0.9055570500062348,-0.9328247807823822,-0.6746440557343719,2.0352836012443642,-1.5653120269692473,-0.23842833994574902,1.0394347117386087,0.5008995033810195,-0.823468751352656,2.0483850646650192,-0.6799359674479152
Am,0.0,0.0,0.0,0.0,0.0,0.0,0.0,0.0,0.0,0.0,0.0,0.0,0.0,0.0,0.0,0.0,0.0,0.0,0.0,0.0,0.0,0.0,0.0,0.0,0.0,0.0,0.0,0.0,0.0,0.0,0.0,0.0,0.0,0.0,0.0,0.0,0.0,0.0,0.0,0.0
Cm,0.0,0.0,0.0,0.0,0.0,0.0,0.0,0.0,0.0,0.0,0.0,0.0,0.0,0.0,0.0,0.0,0.0,0.0,0.0,0.0,0.0,0.0,0.0,0.0,0.0,0.0,0.0,0.0,0.0,0.0,0.0,0.0,0.0,0.0,0.0,0.0,0.0,0.0,0.0,0.0
Bk,0.0,0.0,0.0,0.0,0.0,0.0,0.0,0.0,0.0,0.0,0.0,0.0,0.0,0.0,0.0,0.0,0.0,0.0,0.0,0.0,0.0,0.0,0.0,0.0,0.0,0.0,0.0,0.0,0.0,0.0,0.0,0.0,0.0,0.0,0.0,0.0,0.0,0.0,0.0,0.0
Cf,0.0,0.0,0.0,0.0,0.0,0.0,0.0,0.0,0.0,0.0,0.0,0.0,0.0,0.0,0.0,0.0,0.0,0.0,0.0,0.0,0.0,0.0,0.0,0.0,0.0,0.0,0.0,0.0,0.0,0.0,0.0,0.0,0.0,0.0,0.0,0.0,0.0,0.0,0.0,0.0
Es,0.0,0.0,0.0,0.0,0.0,0.0,0.0,0.0,0.0,0.0,0.0,0.0,0.0,0.0,0.0,0.0,0.0,0.0,0.0,0.0,0.0,0.0,0.0,0.0,0.0,0.0,0.0,0.0,0.0,0.0,0.0,0.0,0.0,0.0,0.0,0.0,0.0,0.0,0.0,0.0
Fm,0.0,0.0,0.0,0.0,0.0,0.0,0.0,0.0,0.0,0.0,0.0,0.0,0.0,0.0,0.0,0.0,0.0,0.0,0.0,0.0,0.0,0.0,0.0,0.0,0.0,0.0,0.0,0.0,0.0,0.0,0.0,0.0,0.0,0.0,0.0,0.0,0.0,0.0,0.0,0.0
Md,0.0,0.0,0.0,0.0,0.0,0.0,0.0,0.0,0.0,0.0,0.0,0.0,0.0,0.0,0.0,0.0,0.0,0.0,0.0,0.0,0.0,0.0,0.0,0.0,0.0,0.0,0.0,0.0,0.0,0.0,0.0,0.0,0.0,0.0,0.0,0.0,0.0,0.0,0.0,0.0
No,0.0,0.0,0.0,0.0,0.0,0.0,0.0,0.0,0.0,0.0,0.0,0.0,0.0,0.0,0.0,0.0,0.0,0.0,0.0,0.0,0.0,0.0,0.0,0.0,0.0,0.0,0.0,0.0,0.0,0.0,0.0,0.0,0.0,0.0,0.0,0.0,0.0,0.0,0.0,0.0
Lr,0.0,0.0,0.0,0.0,0.0,0.0,0.0,0.0,0.0,0.0,0.0,0.0,0.0,0.0,0.0,0.0,0.0,0.0,0.0,0.0,0.0,0.0,0.0,0.0,0.0,0.0,0.0,0.0,0.0,0.0,0.0,0.0,0.0,0.0,0.0,0.0,0.0,0.0,0.0,0.0
