element,0,1,2,3,4,5,6,7,8,9,10,11,12,13,14,15,16,17,18,19,20,21,22,23,24,25,26,27,28,29,30,31
H,-0.1528472431359529,0.2934984644822182,-0.2968372822592343,-0.10876435724930783,-0.12085813247131832,0.19320058055134637,0.08623611993169343,-0.035244040605536944,0.21729455455767016,0.06709125053016937,-0.03303725215931302,0.23135851087941095,-0.06256466539922262,-0.04300883425133362,0.11746430520044673,0.23239198213133805,0.14810320995148407,0.17382171709630473,-0.18342376227303436,0.12099649442927891,-0.104700052301889,0.21483921014740934,-0.024436455835356183,0.1250244054449218,-0.0870752891511929,-0.15261468582086657,-0.1961654053239013,0.26590046903155573,0.09825818813980375,-0.16778414213231557,0.06510022309543324,0.12508913029754676
He,0.0,0.0,0.0,0.0,0.0,0.0,0.0,0.0,0.0,0.0,0.0,0.0,0.0,0.0,0.0,0.0,0.0,0.0,0.0,0.0,0.0,0.0,0.0,0.0,0.0,0.0,0.0,0.0,0.0,0.0,0.0,0.0
Li,0.16353924125460703,-0.1489125885694335,-0.0008405996285232288,-0.08203183856916683,-0.10000299176054514,0.0064405143219848126,-0.006935205196252987,-0.03658328129539216,0.15325674274722895,-0.14250951895459013,0.0314211248699513,-0.009206359385999811,0.15511577512187094,-0.07558324902847274,-0.06972416943124884,0.025800661592867574,-0.16031512455007998,0.2339637461804697,-0.24929844001700854,0.13945539520262837,0.0361580915301483,-0.039941798518797596,-0.1926107312098805,0.09119507844159194,-0.12977477237396653,-0.15874958580599993,0.04815947055923877,-0.06332963858664416,0.0885154688896926,0.05810926326050364,-0.2057983092812182,0.1489288849181798
Be,0.0,0.0,0.0,0.0,0.0,0.0,0.0,0.0,0.0,0.0,0.0,0.0,0.0,0.0,0.0,0.0,0.0,0.0,0.0,0.0,0.0,0.0,0.0,0.0,0.0,0.0,0.0,0.0,0.0,0.0,0.0,0.0
B,0.16191153551647214,0.08840500839539567,-0.168949030165349,-0.0887243000054013,-0.19540112273199364,0.2749789095984037,-0.0797197853980059,-0.11909745462659202,0.019208943432974523,0.30336474217220194,-0.16750775299707168,0.23774872598656988,0.11871592116165197,0.13398726147466067,-0.06051823195535753,0.015062763146754067,-0.06078870655457529,-0.0477769954089454,-0.05190602694688463,0.0426072261442252,0.056173262897655715,0.2194378603760125,-0.27811243568247407,0.09105074702567047,0.0060979127980048875,0.09240369517225809,0.008691766506477397,0.22037357874008942,0.2184127463744387,-0.11694983587289978,0.04455538783763193,-0.2011406648760048
C,0.11983412637144022,-0.05241553550529292,-0.23710135130876953,-0.17647121288156106,-0.2939688916229877,0.034826739044380044,-0.21477583513172482,0.01286675381251452,-0.2009374810456219,0.030526646845973948,0.09487497850243022,0.18693838444105865,-0.21989491429440633,0.028709006575085787,0.013173290957208504,0.12308167738974028,0.095121918809357,0.12030451568465333,0.22181425157313978,-0.039107809435154614,0.1484539635971363,0.016631858786991326,-0.1336089673299571,-0.13011996081690363,-0.24465796239599258,0.03322622130569452,-0.028879299632572308,0.11551879094914941,-0.04401269736674648,-0.06867887093963673,0.10880539614440544,-0.028301783827525222
N,0.14788086915779414,-0.08176198275692123,-0.014757109350466908,-0.05066843688103301,0.03805232808213396,-0.08331110560379422,0.050559850383950576,0.05617570014673348,0.1343582676733402,0.2337973263997649,-0.11304658729442872,0.19713402560256787,-0.033366574890116324,-0.25196086323356953,0.15402437710796546,0.008434405751302769,0.010217880753470748,0.10702099958258361,0.009678954784432202,-0.011797949874485467,0.32525198844018355,-0.1696720719386737,0.01947467626682339,-0.14003247771702476,-0.09445534494785875,-0.07106279688501567,0.18496234672937706,0.2084602242072159,0.18879931993740662,-0.16299560768575244,0.1082272295945421,0.08872642044180648
O,-0.11203354970888939,-0.029926977549134873,-0.16325116421461303,0.04102144049376637,0.061826170572670154,0.30737450665682536,0.1255134662750157,-0.15104581638709605,-0.17714190101657248,0.1414254191258785,-0.23552013278724254,0.20234021896990328,-0.056974132916931854,-0.2252364014150875,0.16834689542336936,0.024029471179270727,-0.04916980001621374,0.15155116674573912,0.08613073180844594,0.06585172591474023,-0.07131965053813827,0.08441666599868883,0.23276360643122915,0.1504572402141342,-0.23517097427230227,-0.17494214154821533,0.04652923269454558,0.359102040168097,-0.03437745185334641,-0.07132719132993945,0.13708985400204632,0.009993413168013427
F,0.04909150874364561,0.003078980393865265,0.09140426698294794,-0.06489554033479966,-0.12338412207739044,0.1723499904983388,0.0187784249602614,-0.0464409002406628,0.16120493751608797,0.20145392298481601,0.08629876790092236,0.3372442959168719,-0.17388371235172426,0.12847152010960494,-0.04381180431640897,0.08253123185462476,-0.0678150109500901,0.13289448080131558,0.13793832146120336,0.10870356357132217,0.19172159395389374,0.26035674165456835,0.2731692023293617,-0.015535782227738269,-0.20294358899452083,-0.10746904399401079,-0.24145259513772982,0.192403959376,0.0021603335450708044,-0.07914577152826588,0.22340757893267926,0.14495563955063334
Ne,0.0,0.0,0.0,0.0,0.0,0.0,0.0,0.0,0.0,0.0,0.0,0.0,0.0,0.0,0.0,0.0,0.0,0.0,0.0,0.0,0.0,0.0,0.0,0.0,0.0,0.0,0.0,0.0,0.0,0.0,0.0,0.0
Na,0.056735436308443556,-0.03937990696827108,0.16491836072605784,-0.0688336055364431,-0.11919678278458361,-0.09685869998697776,-0.1184912827759668,-0.13111939522863109,0.020545149716067017,-0.21499977840380122,-0.13298381156458328,-0.2118573799754934,0.07190099638023181,0.01333098329081866,0.08193024410862507,-0.07057112429675191,0.05662446386427947,0.1661484416367244,-0.14814076815005153,0.12415481593020328,0.10391478164341177,-0.1410364244221521,0.016990785314123336,0.07351096769455093,-0.12929025465154276,-0.1349627622219824,-0.06432835585651467,-0.09275076459480397,0.09809968012168963,0.060999270717219736,-0.1493317407605911,0.10555717614552883
Mg,-0.15863798025658055,0.16024990774654982,0.06350939516936124,-0.08155302854152004,-0.14766843396258839,0.047472704245421,-0.03422859465515118,-0.13955527789854183,-0.03159079098969504,0.12725860903691036,-0.10721212203231989,-0.11952216082416761,0.12308543343958749,-0.09837795058932437,0.06960004908368714,0.08615737918250428,0.06041729432218364,0.17336420279639803,0.13595279841395358,-0.017911121600314363,-0.17590262065924114,-0.038236690079137284,-0.05549807613559267,-0.18405377757068273,0.16940890323584662,-0.16939260111162394,-0.22429010058126364,-0.1420752256003437,0.0789030126330817,0.09436597872812244,-0.15043849287055527,-0.061089792883367536
Al,0.04500338670149745,-0.030919062361883867,0.05372955228766787,-0.20614650355620878,-0.030642420088423238,0.026517785147731683,0.1350357805209321,-0.2893263812798817,0.15489610183406072,0.11977514901607267,0.04018288031794676,-0.15556659485626578,-0.12742321051728636,-0.09375707004378486,-0.1786534794541172,-0.03555186777806635,0.11149257218153795,-0.09764871633451565,-0.015280186861087251,-0.1538707203156125,-0.14571252929346856,-0.04315925236498691,-0.03884786498868243,0.15005250484547264,-0.17939067158290056,0.12764966747698853,0.05789921593425137,0.10934908118533523,-0.013599291613903407,-0.07611326122830951,-0.1022364355762249,-0.03502523809069942
Si,0.0946362674835784,-0.12474654483550922,-0.09602340744604403,-0.04684028357725596,-0.24232665969862308,0.0009160836913953675,-0.08192404738173202,-0.1647697941611419,-0.17245424761936165,0.1454949447100004,0.010662684877007276,-0.06759620997841022,-0.17159857437228282,-0.10113112838793034,-0.08914671540719879,0.058409514019463496,-0.1362438975508644,-0.08598108115283108,0.2456394579624067,-0.04421458323703596,-0.07156407867424197,-0.16767819713474652,-0.027197251945774572,0.05751974324985051,0.05539568293725507,-0.04020096543615046,0.13049804211183086,-0.07922667205569817,-0.07536038197149804,0.03175247863143932,-0.08999675650451777,0.17728095483266965
P,0.12720672886288026,0.16932251754021294,0.0750059644595136,-0.15985893008260613,0.13245121633859402,-0.09062416988326148,-0.25328735321118345,-0.16657961197883844,0.055195236635264176,-0.028333580049481517,-0.1518654884118058,-0.04149809072215582,-0.10863883468847922,-0.013814215463198507,0.07652798293719376,0.07611311262528063,-0.040397874383476605,-0.005705645129647816,0.2019364998812396,-0.02454107052917269,0.16166671194815696,-0.10116046402073549,0.12030024640874794,-0.05255472357343159,-0.0733656258338288,-0.0609158958912331,0.11003432288055186,0.04573957412775868,0.18569319850023278,0.07580849593210671,-0.13250614899848878,-0.05835345761620581
S,0.048015118486072275,0.03872812135003298,-0.08191876803461777,-0.23856396509034763,0.04567003483003971,0.05301246095951654,-0.04076424544049197,0.05495393461984679,-0.023632026473616115,-0.048237418281207756,-0.014786780752145193,0.10473234604588046,-0.10489947391920293,-0.11544921401433093,-0.030781893810211625,-0.06804067286029385,0.0503492315002001,0.1875690304062455,0.2621996190737458,0.14442936673530724,0.09537359932285774,0.11614339470879066,0.09759281550929129,-0.15352022597912535,-0.19193031451682524,-0.06669731957224044,0.23062078724011598,-0.04324227018927518,0.05350493509375643,0.19209928100418447,-0.27149804214621087,-0.03591067725209876
Cl,0.10923954567501126,-0.13428259863404934,-0.05850779477683784,-0.11177082896716398,-0.16491093289376793,0.17291663752695674,-0.044505512670407144,0.1427129120242023,0.1879733470669678,-0.10228700380759627,0.015579106930939043,-0.07752041362484967,-0.31214464783556994,-0.03861535094891263,0.17138130004833202,-0.16180239931922966,0.07513624343725944,-0.044334282187074484,0.19256564816105232,-0.059599386137803,0.2304745555512549,0.11031837181711635,0.24164920537442552,0.0328785412753053,0.09932993810004905,-0.2183306262714278,0.08598486743240212,-0.03126868762120953,-0.036647449432742854,-0.06807127059294958,-0.023461649505815616,-0.0689677236722335
Ar,0.0,0.0,0.0,0.0,0.0,0.0,0.0,0.0,0.0,0.0,0.0,0.0,0.0,0.0,0.0,0.0,0.0,0.0,0.0,0.0,0.0,0.0,0.0,0.0,0.0,0.0,0.0,0.0,0.0,0.0,0.0,0.0
K,0.022788087215027227,-0.18294631121816127,-0.008125912158558872,-0.1516746271449154,0.0041729113005500515,-0.14791266585038673,0.09427808690735079,-0.12443093145568979,0.08787559331878149,-0.19407523622567152,-0.17690004319605537,-0.11442485711168976,-0.06138744869413559,-0.0035362556826760605,-0.021533763191621567,-0.07892620024601592,0.026881424544614663,0.19533270979008283,-0.16414646345529,0.17722049940342113,0.19070269230112483,-0.2345820920089583,-0.13979729165316887,0.044200275262192584,0.11349562007145707,-0.09139810174016608,-0.027633228075346628,0.07173564988820172,-0.03886969690643132,0.167912646079001,-0.06532434163303882,0.02672397224632584
Ca,-0.004533910857470134,0.004453490508447112,-0.0019622345617200335,0.09601620551796429,0.06739558581830138,-0.11097143751637267,0.17848621254971628,-0.12613288766339276,-0.07596864216086192,-0.20515559512106238,0.10204877373471685,-0.11407880799533361,0.04839460079188378,-0.07083911881170062,0.10811472894284355,0.15846257277934128,0.07339068732923765,0.03105257486886857,-0.07895685984314084,0.011089582404116697,0.1404375988400966,-0.2476223155486958,-0.0677584460874982,-0.07352142814610248,0.0062764444528428,-0.016048768798043293,0.04149074236136696,-0.22666625172678734,0.1132088160833687,-0.03230667115380258,-0.1565090875653575,-0.221143887343435
Sc,-0.24454788993325072,0.16879999438003984,-0.19789912077932162,0.17894479587380266,-0.06445804670786132,0.053000689262265706,0.08483323634071568,0.02906538907787533,0.20720012823449135,0.3600995071874245,-0.13203608337440703,0.15951106556160952,0.1363952176408665,0.13968645053005768,0.009427010971595524,0.18377482047509075,0.05539929495106416,-0.1321412279479824,-0.002103920622035603,0.025487045921259752,-0.01717838633554012,-0.041618857759721586,-0.02817457925025502,0.02466273226068976,-0.12419972437125114,0.13230452276917512,-0.3623807488054637,-0.06098602172169291,-0.09225018077922388,-0.15098230533651197,-0.08359382541848549,0.037207401188896545
Ti,-0.06401219897524259,-0.14009612514396885,-0.2618972920690036,0.2008028477559047,0.0475819516187093,0.17167055294245065,0.01187549525591102,0.1711032097435175,0.012855614544300452,0.3113850692791167,0.12458020841481694,0.18832917092310475,0.12158384701928496,0.1919781348323556,-0.07562428680566423,0.19311370999866392,-0.1532570784999532,0.12987408498014505,-0.07031147606187403,-0.16146960697510962,-0.12451917053139763,-0.022515504988690687,0.07333883197144973,0.27020504375558657,0.006995881821801468,-0.1914138695566523,-0.1318931755938057,-0.04394914152412579,-0.1422785024663395,-0.12959090640716694,0.014563983657247192,0.01541012783083292
V,0.005999329449377238,0.11922825367592277,0.10052251206329003,-0.08593988094561017,-0.01764329817312653,-0.056367952689406774,-0.17572693947859913,-0.022514038301121947,0.13545077308751396,0.06151139121898165,-0.04825483313081433,0.2170404097977629,0.055679329505288505,0.12028896996716683,0.03723947898816086,-0.1185853476819921,-0.06573452574575023,0.043926064660019096,-0.09005751199832712,-0.2689077633032235,-0.23808964323999982,-0.1790305140021512,-0.05231528222575622,0.11822237529036475,-0.10239419187237797,-0.007640932643733988,-0.013553154319688343,0.003337111359772314,-0.2574783521484574,-0.05849119727533834,-0.004458134337415045,0.0316113459534065
Cr,-0.15571016804432236,0.23175296242345364,-0.02449421208887394,0.04682948326641754,0.11296684838682057,0.15322177141281793,0.19428720135021926,0.019200813291708196,0.20982050359983107,-0.024014483742240585,0.11786396304330969,0.2865854423497959,-0.003548771214857279,0.0566000642460605,0.09001426967258637,-0.03322601881610787,-0.10119558636780585,-0.08859590011061719,0.11959170465356841,-0.3020980629383006,-0.1731214937446374,0.045392858309069146,-0.07866888512713571,0.057780861594381484,-0.0648399111673527,0.07089886639418885,-0.1082592917662664,0.13151864831478827,-0.24657041169983,0.04052731016220407,-0.09582552134406783,0.15330875568324617
Mn,-0.07252645209588729,0.17914757975066234,-0.1333320432012846,0.1956715259435055,-0.08358025837064284,0.17698619919055225,0.02802727262267741,0.117577745698451,0.0014916429042123103,-0.13328950322572466,0.16420659796141354,0.2826193413782686,-0.15309832056668193,0.10038584207911916,0.011706489435501037,0.06333062563108934,-0.15304913747811996,-0.08104554105970432,0.022844034100122174,-0.2007191334712607,0.047080070105343146,-0.0779446383421794,-0.15449505277496492,0.10618834648942976,0.13399115410622972,-0.18201285871260475,-0.08674842501069484,0.19727850864932975,-0.20574368204648188,0.02373240787003258,0.04774638841139187,0.015399907828554797
Fe,-0.1556872201868142,0.07216903205073578,-0.15104257317678912,0.052037102853069506,0.11727744621678186,0.16748060409462132,0.04439398037876351,0.16493631801071706,0.13663602352044021,-0.10882038774227301,0.12308839653023536,0.15952193729253086,-0.0560439336382105,-0.09237833023093003,-0.09376414201830642,-0.04134032647315524,-0.16362141210175055,0.06932943389318712,0.08563077089584994,-0.20936058661379217,-0.182514096934887,0.05537184498555363,-0.2471352725127817,0.2888520997906242,0.044093414247287396,-0.028508192812379894,-0.12608188482427587,-0.08907255080174042,-0.1566469314035232,-0.1821947725787138,0.06361154013926094,-0.06889416650215556
Co,0.05757702904547346,-0.019635007631084906,0.07992487075024447,0.054886147679154736,0.11025088607532772,0.21029479649759503,-0.09946543175873283,0.04720808621445244,0.06644559563722753,0.02068630316710031,0.12182321898998998,0.21101336601638854,-0.11577802803981828,-0.061369852874859784,-0.08129211745842685,-0.13320526461903662,-0.00016784972986041765,-0.13741830622727572,0.02608359708131532,-0.32276914361108683,-0.0376350580334287,0.02688319015752646,-0.11947767578583489,0.20938010033169552,0.09138935759080823,-0.034344890297555976,-0.22916640762195412,0.20088121563875133,0.047189408730077806,0.19427356814181004,-0.1300570997045751,0.15479491720496152
Ni,-0.13471927747904175,0.24494904594715708,0.06514040427337697,0.284970165676683,0.13974142583089322,0.27806039491252366,-0.14357262867661563,0.12457382341618775,-0.11196186073316156,0.05391472282838775,-0.009029713473302942,0.03449360464421096,0.11414653286575781,0.14000148159657466,-0.17631862075500526,0.04230866654245805,-0.0942161714832995,-0.06673276905943519,0.16979013207828614,-0.12023719507333464,0.16415400225508323,-0.12329376510342444,0.03716358286800624,0.05011121709495692,-0.04714641654878534,-0.08538083791093445,0.031531421618671514,0.17005427637199547,-0.1260866136708991,0.021436722290588142,-0.09368579574369955,-0.1308183827255932
Cu,-0.1912431214719792,0.0020467624842394256,0.05375812845094084,0.17052059389377006,-0.13076602312703675,0.04880966043456165,-0.11478925337513984,0.07141406109968075,0.08089116935411417,-0.13869697187548308,0.014584173421870968,0.042717929188087256,0.022411895108572135,-0.0921377315552756,0.038166342160255426,0.04758581965270079,-0.1209257600508191,0.029401672816959698,0.023091386275288995,-0.25185784761655394,0.17076221075753018,-0.10409721351099774,-0.13913245636696933,0.0486133266651764,0.1838148420566641,0.16140943589986578,0.21158418534764628,0.09815947297673185,-0.17004789908767712,0.05395873963463025,0.0044413760920345435,-0.0017218769208927217
Zn,0.03318055069180168,0.06537506610694135,0.040599483453909395,0.08916384040409948,0.20677834551646376,0.1213754442302664,0.005383902830650757,-0.2187896842067824,0.12413420459286445,-0.06540301745944518,-0.01316391670511491,0.04834441908511065,-0.01832855911283555,-0.07855499052700513,-0.0179918954468574,-0.30412118162579926,0.10602652259826147,0.21574556502114905,-0.04478557821891911,-0.10786112045007198,0.02972797940479032,-0.07355201091629276,-0.06578307472994296,0.034127323034333634,0.052090571418963026,0.2300356874023572,0.03491270892271512,-0.10940361722769766,-0.09164070702702548,0.11442781496203719,0.13678672016079096,-0.0298543555303552
Ga,0.07864271781195654,0.06501200068682433,-0.0492531683655135,-0.14605594186821247,-0.19439562367597704,-0.1691671127512661,0.11139323348589283,-0.1670552043500062,0.18834612935324477,0.09905370953217128,0.01948390251804823,0.05589977909489594,0.02246161893454516,-0.1823035536549679,-0.26558021764943857,-0.0067522617381796084,-0.010989952648390396,-0.09060896666954803,0.015428607383288419,-0.14721573878095165,-0.05354410243249172,0.02379481737459123,0.05310068906451704,0.2421222658886113,-0.0927466514657518,0.06797702319412005,0.15200815230140644,0.031619696069283346,-0.026641715289342647,0.06544116471705122,0.05198934550610227,-0.10073264702228904
Ge,0.15639411925594807,-0.13711087615254638,-0.0557844641788914,0.1327666231762585,0.030705768516547275,-0.11603490263859409,-0.02576288151582013,-0.102994836699772,-0.0830802755321529,0.005284869347098495,0.10406779335797299,-0.13694190975551468,-0.22949539607886021,0.05314188320904106,-0.0176493179384725,0.06660690498317577,0.05770268340167131,-0.020895211494171884,0.2523519177880438,0.12046624564085442,-0.03281832230710774,-0.2514080579020404,-0.05678466659630484,0.04071364999240125,-0.0039301757660829125,-0.08924511300952381,0.16587181047087934,0.03933130941402573,-0.09939449019056532,0.0722377765676414,-0.005067086758378952,0.14021069165560093
As,0.06824583018682466,0.11613211378213936,0.0692522879369311,-0.062679998217303,0.046428263049855936,-0.23720991684059572,-0.11637805412736807,0.011445890230420419,0.1308095002253182,0.09021369927565981,0.04974739032834252,-0.16491483043808,-0.11639157307920091,-0.12830126570901454,-0.10366498931143861,-0.1781890092894877,-0.024782702603275638,0.08111438821212354,0.0680885841075383,0.09635459404733211,0.23248069474796154,-0.1902011893432118,-0.1638657764521863,0.04006114983787881,-0.06217474935839148,-0.06699012409320142,0.11577989088824153,-0.05146520103675272,0.06308523183352809,0.03431263166910665,0.02607789987004297,0.07045364795636085
Se,-0.025356961203677867,-0.15310393662177396,-0.06818741147165316,-0.20609304041053897,0.1463227518463532,-0.10880605536931331,-0.07460072392300071,-0.06879194246620575,0.013066471508699268,0.03254138522479615,-0.08347296710202694,-0.028157747482210862,-0.053117609169807393,0.09036638177040832,-0.09165952706114051,-0.22480456556159192,0.03209988666451971,0.2531071117614221,0.17683085953200076,-0.005526351892938744,0.08628772138386132,0.027083730810936128,0.004872556324470016,-0.07377694174188684,-0.10995697883065801,-0.017053052075334175,0.2487002538353125,0.11963540381866425,0.10930951321664738,0.155387151780062,-0.034784103322641154,-0.15589508151131065
Br,0.15415566046119303,-0.06404338994082545,0.05484088110243467,-0.0571646376447724,-0.15584452159740125,0.08315289528641323,0.061624077234459985,0.036316905066793435,0.10648972005433888,-0.08916875399285452,-0.07982278188958207,-0.13088518301883606,-0.23114121492214418,0.07370375917826735,0.02566392110490717,-0.1274222481184084,0.04416512543510751,0.11935937618642187,0.10681071094696142,-0.08999148916845243,0.34715705394866564,-0.014713846847212865,0.28079231798290005,-0.11907918181473226,0.14255439893163105,-0.15602813924615133,0.09426448753209005,0.05095469813304516,-0.0770712359955122,-0.1361617047270048,-0.09220682169189665,-0.1346844833341853
Kr,0.11861485295578131,-0.041693918167823946,-0.16862383372857898,-0.06439961252434509,-0.009111001145826296,-0.20664677208525423,0.1396116436436162,-0.1972645192293693,0.11666024802619886,-0.06826414149019495,-0.08082576557048675,0.01251707441228778,0.018977823652141745,-0.007976937544799332,-0.16166695135654183,-0.23269198582085376,-0.013021619174818377,-0.023401255429955057,0.05123371906746932,0.18485609396474895,0.218299849833294,-0.009910160281043929,0.14531856724826422,-0.04162128070028308,0.1584079949917519,-0.09478160436487953,0.2724558268690211,-0.10741377363912316,-0.06653006117080129,0.07707122264239762,-0.009316970837544007,0.09124332524745261
Rb,0.00299127344318468,-0.1672969107166877,0.1658888817805485,0.029569333675300683,-0.07651366948492713,-0.2064318558977099,-0.03480757598071166,-0.0713307182747714,0.06197708461344381,-0.2797766528571815,-0.18182828860504713,-0.10901986792621257,-0.07638383611666386,0.09680298195395472,-0.22303856837995636,-0.1161462746301755,0.21416342251384865,0.12332079766794588,-0.03927301409299988,0.12918424531839798,0.1797478505921956,-0.012839036412486182,-0.10296706210302536,0.04105523355662237,0.03247833381041369,-0.09368421735114259,0.07914500415527084,-0.02893771303848042,-0.0024550943966052427,0.03897699953491265,-0.0677043314992977,0.01723141836952993
Sr,-0.1468115111867926,-0.15743103480483128,0.08087003446835309,0.08298818571695497,-0.0737899743820616,-0.1429952561275624,-0.03890242430807892,-0.07450767993480645,0.05701745234151663,-0.16891952118157272,0.057327570461633594,-0.11059540299941144,0.11896807425380435,0.06941067104031293,-0.07616499478082074,0.09285921399620366,0.14635374384123462,0.042031918281932215,-0.07201429703529728,0.17636688982171309,0.0625625550261966,-0.18037780917817475,-0.04442691179177604,0.006535669550840962,0.12908127884420545,0.06373272154749333,0.1505242650202329,-0.18728146051934874,0.055197471024863894,0.09778585231750896,-0.16513773592779998,-0.15898621225579732
Y,0.010535138824176882,0.08676712743102659,-0.20097267834188082,0.1160030846122034,0.1300873896259941,-0.031012573146446235,-0.05249989871153498,0.1370071615283718,0.005286635684210376,0.20362731449165017,-0.1779428340016927,0.16075725767767357,0.009447404655467851,-0.08344378782368542,0.09247254886993586,0.13954772368941032,-0.05642067706304038,-0.23582851263026033,-0.08014184567682668,-0.026004663032250935,0.06917236947785114,0.22764364467171544,0.031377679804093325,0.023937429222362572,-0.04588580983755955,0.12654737290252743,-0.3428262413349704,-0.07647372801368096,-0.20918642836600812,-0.29320867143376794,-0.13176186720211686,0.0412946590186541
Zr,-0.22577347508377718,-0.09757799661102405,-0.03403304833123586,0.0708394737602633,0.16443188693050503,0.04063374103030146,-0.10894578407707221,0.1741494339033768,0.08963227783575517,0.1362089766802985,-0.2134831759340052,0.1306262284641914,0.09474860164034168,0.03505203623406591,-0.07580247267085193,0.164971511407189,0.18031428994839316,-0.09541610325714557,-0.0034753604979403064,0.11338571430956706,-0.18459638356181904,0.1876315311145118,0.056925798075229773,0.09166823287682978,-0.07090626896111091,-0.07484839738906911,-0.07056410665601023,-0.05632915242782892,-0.06277335309523337,-0.1451206633463145,-0.14383224778936538,0.2047963236366922
Nb,-0.07033928328194683,-0.06788602910629882,0.11790905473334233,0.07360744736432735,-0.007297821883735926,-0.08400822677269723,-0.22702704322018616,0.0847766126315464,0.2119364647554567,0.006328554393277106,-0.10089023418574154,0.16432544729786303,0.1752685885356412,-0.01768692821007223,0.14991455901489076,0.05195324059370467,-0.05052224070025804,0.029669505538657156,0.1988565752885082,0.08067906247330169,-0.29647385584181923,-0.03475063293484524,-0.0662334251447952,0.06985683993028628,0.12721314659100766,-0.0297560714299738,-0.008636926483797124,0.15142076337186655,-0.114026039485509,0.06709514712433949,0.05760702932567131,0.05518258980995102
Mo,0.07736149746498652,0.19274595754637935,0.04872462036012806,0.0485697551035005,0.1831424770774071,0.1434030330075232,0.045916224816697576,0.013475234322891053,0.006049750721057528,-0.05255627052781715,-0.15188887935399142,-0.04273319353891906,0.2553498551380902,0.16126702120487013,0.09203482906175015,0.13932582680730712,0.10487866338271341,-0.03596553026334973,0.1339123093393297,-0.08560245556680822,-0.04817273557613599,0.1534121841145346,-0.1719051982173329,0.09993014329105465,0.0030651631406844373,-0.12332260057209257,-0.03789542281535616,0.02721794839616961,-0.20500958927375593,0.07745581199075102,0.09123327486367593,0.2043223766213171
Tc,0.03722621948400142,0.1737647281236868,0.12276604658774991,-0.06730962724271028,0.04880996287514632,0.08167072052829098,-0.006014469814541198,0.07423461674373101,-0.03789429283268657,0.06905926290868872,0.1287939809516936,0.1627485049214832,0.10477226176477052,0.19968381764015525,-0.1089655287369199,0.09583198950188636,0.03260023642227255,-0.025505535890560774,-0.024484096755322673,0.02756663735101468,-0.09817371024000457,0.08079596614363138,-0.22256492043426115,-0.039505894417086636,0.07558070081023867,-0.188225464835039,0.12142586191104134,0.13192528211283314,-0.3301359418273781,-0.12773410182078654,0.010046600373783465,0.06358145293702858
Ru,0.04517768760163007,0.18118365129267222,-0.022927647884928563,0.007300555654936416,0.1498029970456828,0.200658411958264,-0.17068269278319825,0.12217058250880573,-0.008772298800859364,-0.08133693642081928,0.06360278203113993,-0.10273870295065152,0.11102991292561458,-0.021241320931846976,-0.271813632869586,0.024674680013797863,-0.08953292323293387,0.12234496626387588,-0.04334608929411959,0.07921593193620158,-0.11052393147545912,-0.07661866223022726,0.08563560495992188,-0.1070108556826486,0.03386657575314431,0.1045690864047138,0.04716646125523288,0.1283414059342314,-0.27151467408662794,-0.2128158813379084,0.14922331831622043,0.11785470233090999
Rh,0.05846231655084114,-0.10942114831025053,-0.09486998484591423,-0.1412704611180431,0.10944155062114656,0.2576686303274728,-0.15733802691227042,0.13179372270252768,-0.07043840475202308,0.03850299688654677,0.1864244987532261,-0.12465395603782459,0.13974929153249918,-0.07860602545626212,-0.1320323565041578,0.041708062200671595,0.18047115168185807,0.03510975598540928,0.04482124662610686,-0.01791454426243994,0.04662710525401436,-0.2214192162610595,-0.005001276277385989,0.009739023479005536,0.06985865264214174,0.026897797249086162,0.07552285203009383,0.15980444114403677,-0.15193309517172013,0.1437103664614275,0.015221477859914428,0.13734835553769545
Pd,0.087638585294408,-0.09872461707609928,0.22063123648891783,-0.08486768321163764,0.21601705949674405,0.11239009034646893,-0.17034917562064666,-0.08906751388832042,0.010427118753291068,-0.08520231941415707,0.024446913528571666,-0.1008299105331966,0.07050843315033185,-0.031680647859928336,-0.11264440171901911,0.03507625285166084,-0.008623908979465102,0.1474928071329121,0.01889981801879231,-0.01625288574170714,-0.006792145382697508,0.03538954832882635,-0.14515695432279388,-0.09243334892222207,0.02401578344132252,0.0022612509647454027,0.18864391874495884,-0.15723003431861826,-0.08707354827871824,0.10239996673475808,0.16982172694614933,0.05725768197553761
Ag,-0.1173912091833713,-0.018032804329067464,-0.004122447199789748,-0.1368874789663261,0.11390643298486078,0.02673564255761861,-0.0038258604654854713,0.02110476411270573,-0.026941987317944328,-0.24323321975811588,-0.0027648248894816753,-0.22615637879873138,0.1372120956026218,-0.038033122440518034,-0.179215192725972,-0.03102778137460826,-0.010893806415195256,-0.018417289556664645,0.06616843552403127,-0.020187227630658233,0.0153229991030089,-0.19316100596319605,-0.015524298484346687,-0.018429571677889684,0.09702213848286045,-0.01936083110270627,0.1472836680033582,0.08887159797670659,-0.16992114160406016,-0.011681913145765846,0.1696718105043428,0.16162265163729514
Cd,0.1000345272189831,-0.026367284796654636,0.1368016923943556,0.14914408618783775,0.13674266513525993,0.048480546514276135,-0.08834743644741644,-0.1753554448185172,0.06644994910153565,-0.021523762968826778,0.12722171584664513,0.1515223046568524,-0.07190205222017691,-0.1358774918887387,-0.05191450565593308,-0.2236743307988227,-0.1817464894276396,0.13671832539619955,-0.08082960408757252,0.14325285689759118,-0.07594193083356622,0.021677428070630597,-0.17051887923669756,-0.06842351952685317,0.04784426062300189,-0.028886125055529156,0.04542446233753699,-0.09268059328241958,-0.15660695485866216,0.020126303492683288,0.1373004917023556,-0.08832225178418324
In,0.10856661630631734,-0.11407914324644533,0.053935381973300105,0.13825864459931567,-0.01868874900442036,-0.20593841231159285,-0.013175027721336448,-0.18060708914617984,-0.033291244560778574,0.04150574484085105,-0.057200260291830354,0.026210991310687253,0.10125216681250579,-0.09170866558621386,-0.11954923112010044,-0.08023114244765542,0.2542288327689051,-0.0822736291599856,-0.004240481292546457,-0.1295315869535761,-0.06842032439783642,0.16376051100886085,-0.0336217022835121,-0.001854802580125112,0.011237337577205176,0.07395893320559087,0.16388460045304204,0.12130604706220456,0.17283612895360906,-0.23031404709169861,-0.11348513047379312,0.05169694503453895
Sn,-0.05881735144020534,-0.06813555813154265,0.16667171972095074,0.06514976859595134,-0.018794298916325926,-0.020561081425636518,-0.10015688733027626,-0.04448458461646613,-0.04150755264183866,0.04394032759368542,0.08508109197688815,-0.13405876577148665,-0.10584199577200534,-0.02889831159046771,-0.011890546335779087,-0.08465004967560619,0.23360623882016832,-0.05868544464608516,0.2823772501897283,0.24177633416882421,-0.0016415263411561653,-0.14600622057966062,-0.07223677820513894,-0.036496212843711434,-0.010079734555444713,-0.14448714765379309,0.11286974175574062,0.11663104970061927,0.11798373549264413,-0.10118438953011095,0.028936809471382382,-0.028205779435243977
Sb,-0.02587422240700726,-0.10450835273426388,0.1550080671170014,-0.13878783628611807,0.05576900902443149,-0.19107257061723903,-0.23865186756081858,-0.15796774023414065,-0.13995773471470183,-0.056046614352020685,0.032114478537471534,-0.18959764779565796,-0.03452869840002908,-0.036356424975848727,0.08834002919148967,0.010162510277001692,0.09450556542025015,0.11688206700624182,0.03939650874531896,0.11632871055138032,0.23304648017289095,0.008524633255516282,0.005165943212386385,-0.05089344760512771,0.1456034744506429,0.06110185353879886,0.159851579697971,0.08429389909776698,-0.008304391071365524,-0.11915436967123669,0.00995942360596925,0.010817742397046394
Te,0.16463963229424367,-0.08572597779267907,-0.06919736583403707,-0.13015694248963502,0.057427865496659805,-0.08045719348686728,-0.12108359977801723,-0.01820979574257926,0.06504802947626497,-0.0006732819051910199,-0.01535930216937414,-0.22069112385736053,0.001346870836739486,0.08454468942573774,0.018897504567927152,-0.18481734356818014,-0.02472329819850015,0.1594739872260697,0.19197031318239074,0.17461776576592078,0.15470853902928836,0.09075141094550963,-0.028546176374099293,0.06965220026898088,0.128834782492111,0.10471565010580239,0.21469541051753743,-0.05331897121653812,0.03084792235670235,0.04484037465275512,0.08480329405437416,-0.09733252717822594
I,0.1883964605390304,-0.14623831551172498,0.10362551792522245,-0.19257395804667965,0.06759592914181178,0.008237169690840599,0.11324100730035776,0.09887613264714781,0.15827149988986194,-0.036221576644939975,0.02797726181450318,-0.07433758729307464,-0.21859230375087765,0.039672622992540166,-0.11497562341336004,0.048579559267607784,-0.031875838043239825,0.08402322251273486,0.14628325461048486,0.11010277203204574,0.2044111422986308,-0.05750767827076556,0.1229737534183619,-0.11289980117921677,0.19327029388262937,0.005355191114537578,0.20888987120048766,-0.08764563091366477,-0.016651940069186036,-0.15386329272804072,-0.09410482401575032,-0.08366626522311649
Xe,0.0,0.0,0.0,0.0,0.0,0.0,0.0,0.0,0.0,0.0,0.0,0.0,0.0,0.0,0.0,0.0,0.0,0.0,0.0,0.0,0.0,0.0,0.0,0.0,0.0,0.0,0.0,0.0,0.0,0.0,0.0,0.0
Cs,0.0,0.0,0.0,0.0,0.0,0.0,0.0,0.0,0.0,0.0,0.0,0.0,0.0,0.0,0.0,0.0,0.0,0.0,0.0,0.0,0.0,0.0,0.0,0.0,0.0,0.0,0.0,0.0,0.0,0.0,0.0,0.0
Ba,-0.14313268414790117,-0.13546069931390184,-0.027557541057624875,-0.01750467756608199,-0.027774335364699233,-0.16662034060009384,0.03861146135912461,-0.17862480176196177,-0.01609586388213297,-0.22038521086016682,0.09599796158819761,-0.02514800186581656,0.14543670197171163,0.04394868492932113,-0.09907301723398282,0.012578096947152406,0.07268506818832435,0.1594534672762301,-0.04479981248067386,0.050964637495675556,0.10924634312140857,-0.20203306282316152,-0.007389358420896549,-0.14462829993605975,0.1577304631842831,-0.08233350815908488,0.025595570578334812,-0.13503157760409973,0.1999256087934983,0.07838111245845707,-0.1318729284264755,-0.08688832048451098
La,0.0,0.0,0.0,0.0,0.0,0.0,0.0,0.0,0.0,0.0,0.0,0.0,0.0,0.0,0.0,0.0,0.0,0.0,0.0,0.0,0.0,0.0,0.0,0.0,0.0,0.0,0.0,0.0,0.0,0.0,0.0,0.0
Ce,-0.07480052009990418,-0.0015368750803028699,0.13103129708804795,-0.00538790665522754,-0.15211488585871086,-0.07350491737930546,0.2142011190775002,0.12279888544423449,-0.01797193431031977,-0.07698567465435885,0.021175512743445663,-0.16091124977560736,0.11211406086361589,0.03758213851172385,0.2281834297953296,-0.030675218513337398,-0.15121790375488087,-0.22941052767781595,-0.1348872001008175,0.06634870795470615,-0.1519632474745564,0.09000794059037125,0.09534258825092698,-0.08291539546268333,-0.046484472080401504,0.02265348140446684,-0.0946399183962828,-0.0029231842883668223,0.13679595496602312,0.027304708531144004,0.03871541254065214,-0.15726055078136592
Pr,0.11607336013002784,-0.0360467462231358,0.1547657387822243,-0.11658198046273434,-0.11581303214029176,-0.03919879662553983,0.038805228171622644,0.1602493435971002,-0.10284388468200471,-0.03003504608091451,0.1390724922740752,-0.16898636644298293,0.18277819750482474,-0.015074494067771104,0.22212857580132753,-0.09023908617945728,0.006580672011152969,-0.021991204818365872,-0.20494038225964317,-0.00470135196005364,-0.03787638077386788,0.04003717310470906,0.009799122560631616,0.020102220291223993,-0.09487669317233356,0.026752952770571877,-0.1420038028752795,-0.007996860444336461,0.21110057324906686,0.06648063785540545,-0.1970191659493175,-0.1486066808367246
Nd,0.06722530805547512,-0.1601033502955391,0.07811875355908332,8.729228540943815e-06,-0.1337971260672657,-0.08773017936796727,0.14799682606355066,0.016173405359381117,-0.1360643008731122,-0.09434659396189932,0.06810452489948692,-0.053316338597351624,0.1350744046669971,-0.018977487531655818,0.1727898492137678,-0.07054933846352042,0.05224846368336051,-0.19707881583088346,-0.12935372990954877,0.05070211254327481,-0.07853966392374025,0.08979273245992843,0.1771644043540141,-0.15794161406397872,-0.06438405404004252,0.10642022396733257,0.03917953246801335,-0.1793639651782405,0.025110286493251324,0.09294490115145397,0.021333667305738883,-0.21037263309071938
Pm,0.0,0.0,0.0,0.0,0.0,0.0,0.0,0.0,0.0,0.0,0.0,0.0,0.0,0.0,0.0,0.0,0.0,0.0,0.0,0.0,0.0,0.0,0.0,0.0,0.0,0.0,0.0,0.0,0.0,0.0,0.0,0.0
Sm,0.06441308984180591,-0.1036903706224912,-0.040235701338266816,-0.027520185692008377,-0.10195691232657149,-0.17937368493402894,0.1577869565478435,0.12223196169549493,-0.06855209614344447,-0.13387430577158538,0.011854565306892955,-0.10968401723643165,0.14604171404864544,0.009357121045091949,0.18596386408891857,-0.05042977706030612,0.00685573807667162,-0.2763258097264164,-0.1260165049236175,-0.05068670502270907,-0.08573659606670951,0.08028609071863191,0.07983528760921542,-0.16235632056378918,-0.1259824864872806,-0.04825219636329279,-0.14739119479165189,-0.15219704444381607,0.06602653629360322,0.021109334843678947,0.09616154434785634,-0.1675985914305947
Eu,0.0,0.0,0.0,0.0,0.0,0.0,0.0,0.0,0.0,0.0,0.0,0.0,0.0,0.0,0.0,0.0,0.0,0.0,0.0,0.0,0.0,0.0,0.0,0.0,0.0,0.0,0.0,0.0,0.0,0.0,0.0,0.0
Gd,0.0,0.0,0.0,0.0,0.0,0.0,0.0,0.0,0.0,0.0,0.0,0.0,0.0,0.0,0.0,0.0,0.0,0.0,0.0,0.0,0.0,0.0,0.0,0.0,0.0,0.0,0.0,0.0,0.0,0.0,0.0,0.0
Tb,0.008840392867349483,0.007553123997436445,0.038424155185512114,0.17608641820827906,-0.0488075222793951,-0.07087750437928843,0.11157402038865899,0.22558277303725952,-0.14064285406440016,-0.06701509908039989,-0.11960923648672979,-0.18035901025202272,0.0016490915918542627,-0.14118730420708064,0.018792245296500393,0.0036580962465125547,0.008778585539284314,-0.2402526724769322,-0.0732576100728155,-0.05042615904659737,-0.0833080249981929,0.08945967719832743,0.06825421513668188,-0.1725610515570321,-0.1821769842952061,0.16457533290419282,-0.10572176272116862,-0.10288021255660118,0.002257989750501447,0.15277315767853109,0.07336566698808067,-0.18406625185113185
Dy,-0.01824867881991697,0.0840640767375047,-0.06643861604814356,0.10776358216302784,-0.0056769578360681494,-0.07648311634601412,0.22248120211290978,0.1349112433597551,-0.12230191964373657,0.005426342203879316,0.05215769773941298,-0.002191370202126191,0.05017323858676044,0.03521097174773154,0.06938747106863474,0.10230407831977065,0.03522448720087829,-0.26425761617446886,-0.20443544740801736,0.08526011716547202,-0.039707808316623676,0.2655788611460422,0.1550768731934181,-0.04665610131562597,-0.003090972754899315,0.08718788967298717,-0.31801080851422037,0.03792531356262957,0.019423010448700675,0.12265629001923363,-0.020582268651935277,-0.1256535063602854
Ho,-0.07312636083324996,0.01986065714023195,-0.12944834596347435,0.0958129214607209,-0.0076975824101754775,-0.12740068920923409,0.16009201579988513,0.17100804283986806,-0.12877028902307422,0.012416780383622877,-0.07531686024749648,-0.06448128179613602,-0.02569744959085782,-0.07415349622860232,0.17656291802268642,0.07913741986857377,-0.09936533223537325,-0.2609751580981901,-0.22525959922667166,0.03546487475717608,-0.05074690506751756,0.1787727952260587,0.037865974769464905,-0.14385021284869665,-0.017941213552622407,0.16270906012426942,-0.30762394605567944,0.04194650092023924,-0.024099175445304988,0.04976147336377685,0.0146755254401936,-0.2025386329953625
Er,-0.09621179917937468,0.001327994551220027,-0.1468829679352988,0.04911441067288463,0.06058159411409085,-0.13936513218583138,0.10658725237031863,0.1821792319724155,-0.09541957258205593,0.029212822297166482,0.021296236471231342,-0.027240714981578814,-0.061231740528599615,-0.027589509911869467,0.21007327934102488,0.1121085628330408,-0.026233579126065953,-0.2873651892830729,-0.20529600327580125,0.006197213492693681,-0.11591963818968401,0.17882673640843183,0.11189383953345416,-0.14678694022937644,-0.00012545470113581206,0.12774052789083618,-0.27911426030937087,0.03631808707279036,-0.02042658226857586,0.119156679137775,-0.005286944923487609,-0.21455749305677987
Tm,0.03295962620029607,0.0711411296100155,-0.20466785561975226,0.20229564105947817,0.040278318619846556,-0.033479603499950175,0.08870438056131873,0.08038650685358602,-0.15993856381664898,0.21737985165692264,-0.11072744490107332,0.10203195201980235,-0.10874973175853443,-0.0018943182002948676,-0.031585687473435944,0.2092007193299759,0.0004497421310593994,-0.12618511339860738,-0.21030408500837822,-0.04419503663303252,-0.25448672430642794,0.0610887441194645,0.16328492415647144,-0.07456051978985657,-0.1001047210465842,0.030479740878851292,-0.3171542469610091,-0.02022441094264482,0.0058275829033776014,0.1566519855043475,0.04714276213497066,-0.1650879786121092
Yb,0.07412241644786026,-0.043389991607725865,-0.06939460937621965,0.0047189137169333486,-0.010242848987941401,-0.17011347967989343,0.1505709333052683,0.18084490757833033,-0.1567210986362842,-0.10415902310559975,-0.015739096191967825,-0.007722740079875888,0.059913168792911864,0.09198936782935523,0.009375846422021017,0.23101532854397008,-0.14313656976494105,-0.2503929756771337,-0.028291242333422836,0.10103976770324617,-0.10480782881634346,-0.03173821001508985,-0.055741568906377686,-0.17902931354796153,-0.11610859793852174,0.1910742462172292,-0.13602881349654708,-0.03849773411270768,0.2658014249320809,0.01729843118783707,0.04780233455389131,-0.11499819756816668
Lu,-0.15895276113744686,-0.00848861305851112,-0.16637372467003414,0.11443843640604182,-0.002365581622890149,0.11710435828328708,-0.14145682353682648,-0.11263429394332966,0.12233371922649415,-0.052043470592129916,0.06440116331671925,0.09445522217838281,0.21406913135394215,0.07461673858030947,0.09766981600947837,-0.043389804059761436,-0.2421190589516171,-0.2207126410615719,-0.17507212428849345,-0.04351443450640397,-0.0929509669790083,0.10790499158178654,0.10861265481894676,0.029488077492270295,-0.09458539089605754,-0.01211975464435972,-0.22077521756571644,-0.021408496655943222,0.22458376658697762,-0.23201920618383573,-0.17902312440228732,0.11016535215792862
Hf,-0.14752898776263082,-0.09746560877125314,0.03646139344981448,0.17642111513179054,0.023837506281661806,0.0914174301914494,-0.1617755679049486,0.11522742410935992,-0.1462900379632883,0.05913432255022493,-0.006625887777950047,0.24605224799486766,0.03840476612750343,-0.01173608367924175,0.04836418327410351,0.22692413756663604,0.06609788895506016,0.08276080646852907,0.03149289991641142,0.09028214015581905,-0.1730209551883861,-0.045134202453059644,-0.013863810619384763,0.1104574528117362,0.1633678807093806,0.07822883338845509,-0.28262958857425435,-0.2255836765017232,-0.050767751703271816,-0.14247571514415489,0.03560454875946386,0.1745686656437734
Ta,-0.18277005534239696,-0.008959335184821622,0.1576865315224457,0.03706939220776873,0.13552781388159,-0.12871429289098366,-0.053457311571578736,0.10110000436408095,-0.12376609945608155,0.1338509712602071,-0.05473443630975769,0.18578189150386049,0.18431567850958594,0.09348435355310625,0.07031603756338609,-0.044144926555333676,-0.026058421778381483,-0.06189366649130323,0.11835926651971722,0.0657560237325693,0.026175788783600048,-0.19428230078023132,0.037724485442520876,0.15005695630964888,0.14921506847722052,-0.12178459558501128,-0.16657723850061545,-0.20609265600583335,0.0542248077227558,0.009936234592598113,0.1481601726827322,0.027567673367758987
W,-0.15210565621541583,0.14341439076810492,0.12664742377845462,-0.08549826437641304,0.08571107324527018,0.16542244244459822,0.13116972211423528,0.059579436345470416,0.043808413036187155,-0.11343358654938973,-0.06560557373523969,0.21452914923753935,-0.10749793532528651,0.23931760243674022,0.009166246065109023,0.05834741243258447,-0.1848336428620134,0.013520918138048562,-0.013108205393384035,-0.21412225950813718,-0.2576144262484468,0.09319878710195831,-0.06734900845177656,0.105201209774059,-0.09503030209259125,0.06570927563363722,0.08237069717915628,0.02048910715741846,-0.06602232509799658,0.021965228606760073,0.010266328335406446,0.1442949486828539
Re,0.0434666129570719,0.03301807376067231,0.14434242110513198,-0.05019732715236329,-0.06563276539157108,0.13973229317279154,0.14979754969889406,0.09641013413044573,-0.21550169150126144,-0.0333627691091694,-0.0317396967865077,0.2128739632714795,-0.04049037690335423,0.22674784405191964,0.03138263592001683,-0.028219500779071028,-0.06735219691471007,0.022741858873373343,0.051673686115371924,-0.22347231605654802,-0.15924478209875245,-0.07453033497812774,-0.20621822228710077,0.03364744937109288,0.2081153810274859,-0.0009499990311550253,-0.03157858555213339,-0.02915008929507997,-0.0821023720083376,-0.1833075788354187,0.08767553572324113,0.14304228022049606
Os,-0.15024896204313828,0.07246610139296994,-0.0415510834060532,-0.037581693393413634,0.13951876505565508,0.20856745853353056,-0.09024148301762668,-0.0926094841294107,-0.17056130926029228,-0.008715277029789416,-0.036656519064305726,-0.1545071766656591,-0.03651530179497353,0.07757746784355166,-0.1134668954194039,-0.09390547517127466,-0.08119890544486494,0.11894897184786088,-0.08376640131372151,0.16779484438574688,0.08572454094378586,-0.037586838787206166,-0.07390390579023236,0.11448796388008252,-0.08527064245827706,0.04652312316374186,0.2609641431979364,-0.17133839685530783,-0.08378674388096902,-0.05995476064792901,0.17860564291748635,0.05473626998296434
Ir,0.01219311982589978,0.08819428079406594,-0.11032621900268223,0.06170578072667865,0.005584413668364634,0.19385126866134447,-0.1235059864021134,-0.0284671051164841,-0.13837378194533445,-0.09086477922254287,0.07976784313034341,-0.16564607413290228,0.07062629703349119,0.04119709299282513,-0.09040330853239266,-0.16871659078536128,0.06623245774683187,0.07360343166145386,0.028443456669837056,0.028822152222026137,0.030695222139301433,-0.1979208228071075,-0.10279507314234727,-0.1033232153559561,0.002018521869414031,0.0872456983855349,0.2128338220131694,-0.11650364886555026,0.12149507718939458,-0.005009340563006919,0.17734290344937478,0.17211154787754102
Pt,0.05798972257147484,0.09649896515491627,0.09762084976275248,-0.16198479348201045,0.1822937310373417,0.06137079801960122,-0.11999310064378686,-0.1003635579348766,-0.0939786570041197,-0.02676944188438928,0.07364253061220163,-0.09065925977016259,0.03926199664557299,0.12013598444286452,-0.1387426676033428,-0.10298153150921055,0.009983508947203021,0.00025412705770000974,-0.130528960081222,0.027196068627027725,-0.02323019630512489,-0.1855319640530221,-0.03091302544479078,-0.047580315857290126,0.16251592775059734,-0.07478543154476733,0.22345409737854635,-0.10961801189421463,0.0788811634023729,-0.007774816774273361,0.24039594778676698,-0.016316272047891996
Au,-0.06933286281615086,-0.10795629999153329,0.011400969030320634,-0.16792072683328474,0.08485579287167688,0.08874250787359199,-0.0029453847671645646,-0.14280498367632097,-0.03027229254270713,-0.0968097197894064,0.06449837665055402,-0.05681244759892256,-0.015994155175776528,0.06637087862494376,-0.01398803923843267,-0.25154412594940334,0.06472631203512483,-0.048554063870075305,-0.11195314684051072,0.13087005553045863,0.17625385535999746,-0.16991152519864797,-0.026091664994584426,-0.12568594764968052,0.0794621095571929,0.14671422206429557,0.25848131901362287,-0.08205316314398743,-0.015212701236489368,0.07791687405703208,-0.03951888736589945,0.10928203598305564
Hg,0.12865218728578107,0.14381478396131403,0.09537613525419902,0.04881133679488442,-0.017508080557204812,0.018747948443756077,0.044805455265232684,0.02751787652804303,-0.04911343817663198,-0.1201728310779142,-0.02032127684023174,0.16399312193228516,-0.08712542507179746,0.04186810289722686,0.03555330731176316,-0.1945959812954611,0.024945545687994345,0.18477397150488775,-0.07172482064436088,0.06466330430445125,-0.17541054996293826,-0.14982026443432084,0.16954980454196614,0.07211892435782208,0.13219522970326358,0.17895669939420614,0.16918783849154195,-0.025960997474509175,0.13158594483785238,0.10345601817487608,-0.033517405495527314,0.08783276338511288
Tl,0.11660074628649832,0.0037808685359661527,0.2387867621746098,-0.03439402822565176,-0.09521347217356538,-0.03477762657233225,0.013947799539003105,-0.25969927581301266,0.10262258179438621,-0.023590791913410895,-0.004813505864818775,-0.02844752926314708,0.030119287744940586,-0.20925012218114097,-0.12334237039526366,0.058796400746066534,0.18407868820066345,-0.1638993560169923,0.002411641245716021,-0.04544979148222503,0.03843586085042752,0.089171020728879,0.06794675193287596,0.06344808974183466,0.05632341399914689,0.05475187238505134,0.06563497660652577,0.023261633309307056,0.28550343300409137,0.037461275388851675,0.01142808318880315,0.06305994207234675
Pb,0.044330751738552415,-0.08767687688853401,0.1455292024900035,-0.09948813556681675,-0.0778109718434888,-0.13763461368326016,0.030807752295610693,-0.14754361749565634,-0.188832036206072,-0.1381789282542561,0.07353676125818527,-0.10357397043231337,-0.031179372421964228,-0.1643904055418168,-0.056368287344086464,-0.08059921542662675,0.013351537462871536,0.07532385237726665,0.25895506695959125,0.06324891264861585,0.037016758888096475,-0.017451186577999434,0.011622879747137767,0.20100264204867827,0.09096387084504101,0.016183657261932716,-0.058803487795907085,-0.048958586035030505,0.15834082892820597,-0.09263695535077333,-0.05171501413418941,-0.008949586347314114
Bi,0.04859800899301468,0.10308177916901372,0.280341833529208,-0.05402948240642337,0.014824640807397507,-0.2141918186256877,-0.07420761864574736,-0.09812528945220844,-0.0691007788121767,-0.017571325517606273,0.03011834340492557,-0.13677299774423018,-0.04911368315147679,-0.19149691375307992,0.114222520663635,-0.11141470436673713,-0.023858484855543226,0.03289033151508129,0.08102681613390426,0.0889398350509686,0.06326489596933996,0.03745222635827496,0.08591727232437919,0.13645409063797834,0.1422900368812869,-0.03914424586632878,0.14475416534934155,-0.056749442436468296,0.0863410934478619,-0.036770856083593144,-0.15798499312734493,0.09561336229399993
Po,0.0,0.0,0.0,0.0,0.0,0.0,0.0,0.0,0.0,0.0,0.0,0.0,0.0,0.0,0.0,0.0,0.0,0.0,0.0,0.0,0.0,0.0,0.0,0.0,0.0,0.0,0.0,0.0,0.0,0.0,0.0,0.0
At,0.0,0.0,0.0,0.0,0.0,0.0,0.0,0.0,0.0,0.0,0.0,0.0,0.0,0.0,0.0,0.0,0.0,0.0,0.0,0.0,0.0,0.0,0.0,0.0,0.0,0.0,0.0,0.0,0.0,0.0,0.0,0.0
Rn,0.0,0.0,0.0,0.0,0.0,0.0,0.0,0.0,0.0,0.0,0.0,0.0,0.0,0.0,0.0,0.0,0.0,0.0,0.0,0.0,0.0,0.0,0.0,0.0,0.0,0.0,0.0,0.0,0.0,0.0,0.0,0.0
Fr,0.0,0.0,0.0,0.0,0.0,0.0,0.0,0.0,0.0,0.0,0.0,0.0,0.0,0.0,0.0,0.0,0.0,0.0,0.0,0.0,0.0,0.0,0.0,0.0,0.0,0.0,0.0,0.0,0.0,0.0,0.0,0.0
Ra,0.0,0.0,0.0,0.0,0.0,0.0,0.0,0.0,0.0,0.0,0.0,0.0,0.0,0.0,0.0,0.0,0.0,0.0,0.0,0.0,0.0,0.0,0.0,0.0,0.0,0.0,0.0,0.0,0.0,0.0,0.0,0.0
Ac,0.0,0.0,0.0,0.0,0.0,0.0,0.0,0.0,0.0,0.0,0.0,0.0,0.0,0.0,0.0,0.0,0.0,0.0,0.0,0.0,0.0,0.0,0.0,0.0,0.0,0.0,0.0,0.0,0.0,0.0,0.0,0.0
Th,-0.0800599507210539,-0.01614486587704841,-0.1237518535824936,0.10355580446621988,-0.03546147422072063,-0.15532757110206152,0.11254410782004984,0.1838261574430058,-0.034943412818346085,0.16538703880821587,0.020108630030524946,-0.2543098416065332,-0.11035560580115998,-0.04811733010640277,0.12353714528448054,0.06725341640110431,0.016091549006398188,-0.11155017917665883,-0.2296437694883245,-0.09226399247736479,-0.030635215290217847,0.24557920474828523,0.07262541593442412,-0.2531621261274929,0.005539673348498377,0.026035044724975216,-0.09132604094976483,-0.1480986018961035,0.13621438432535762,0.07403837493998576,0.08459766911859602,-0.10217265726695969
Pa,0.0,0.0,0.0,0.0,0.0,0.0,0.0,0.0,0.0,0.0,0.0,0.0,0.0,0.0,0.0,0.0,0.0,0.0,0.0,0.0,0.0,0.0,0.0,0.0,0.0,0.0,0.0,0.0,0.0,0.0,0.0,0.0
U,-0.09423679771947899,0.04206226566455245,-0.012285975147166119,0.1770202056035941,-0.16449844771239597,-0.25696074222372456,0.25807168043020146,0.16259764549172495,-0.10894262433243364,0.16826593698632317,0.10040735940863756,-0.12413960820486847,-0.014847395884251659,-0.05960578750531389,-0.026701961763953695,0.13517641652083923,-0.13302793202929414,-0.024296821996490695,-0.06768105990436937,-0.1545526523980517,-0.13181968871292146,0.2568158121730265,0.09782762367012673,-0.04718791606361152,-0.12991364950293663,0.1015976772572433,-0.10763554048298601,0.09964292819959701,0.054177389678980135,0.16742829936561263,-0.019899593873460027,0.04879535938864848
Np,-0.016459358241291685,-0.09977203306596462,-0.04918538116591564,0.13302255019129344,0.04985654655908085,-0.1359293797518827,0.19119828583641033,0.13541169405866918,-0.008974113042867528,0.18064466591012968,0.03813948563825181,-0.2923957547288157,-0.08564619710933737,0.04382905348126619,0.14485103403696495,0.06759311049608549,0.006159199306649884,-0.05477977697427853,-0.1961622890031979,-0.07456034311861129,-0.050780099926409174,0.2165264321300907,0.095843782366268,-0.24554716623929346,-0.0685293730172287,0.11148487406166369,-0.16572163036412133,-0.10264015919521646,0.12033226976189045,0.07801571390618318,0.039515574666859926,-0.05171282217953096
Pu,0.05889122115382414,-0.017997656131573368,-0.1689600082027981,0.1961674133589677,-0.11205158224314721,-0.1448229620333216,0.025089856391056223,0.08496249629126734,0.03657581554000324,0.12128884312298369,0.11492962600316994,-0.19710949600426608,-0.04708743143357194,0.10101931132619094,0.16830085125638833,0.20120358706046068,-0.03030660905632078,-0.06192084048820892,-0.193982674977322,-0.04520525128349379,-0.09153528214965227,0.20923941119698322,0.18187570071664552,-0.15023415304105406,-0.20513119716319644,0.1800560862038541,-0.19627253784851564,-0.036731697555951154,0.023303357703663822,0.05483859061440779,0.13952532685120722,-0.1451453826183263
Am,0.0,0.0,0.0,0.0,0.0,0.0,0.0,0.0,0.0,0.0,0.0,0.0,0.0,0.0,0.0,0.0,0.0,0.0,0.0,0.0,0.0,0.0,0.0,0.0,0.0,0.0,0.0,0.0,0.0,0.0,0.0,0.0
Cm,0.0,0.0,0.0,0.0,0.0,0.0,0.0,0.0,0.0,0.0,0.0,0.0,0.0,0.0,0.0,0.0,0.0,0.0,0.0,0.0,0.0,0.0,0.0,0.0,0.0,0.0,0.0,0.0,0.0,0.0,0.0,0.0
Bk,0.0,0.0,0.0,0.0,0.0,0.0,0.0,0.0,0.0,0.0,0.0,0.0,0.0,0.0,0.0,0.0,0.0,0.0,0.0,0.0,0.0,0.0,0.0,0.0,0.0,0.0,0.0,0.0,0.0,0.0,0.0,0.0
Cf,0.0,0.0,0.0,0.0,0.0,0.0,0.0,0.0,0.0,0.0,0.0,0.0,0.0,0.0,0.0,0.0,0.0,0.0,0.0,0.0,0.0,0.0,0.0,0.0,0.0,0.0,0.0,0.0,0.0,0.0,0.0,0.0
Es,0.0,0.0,0.0,0.0,0.0,0.0,0.0,0.0,0.0,0.0,0.0,0.0,0.0,0.0,0.0,0.0,0.0,0.0,0.0,0.0,0.0,0.0,0.0,0.0,0.0,0.0,0.0,0.0,0.0,0.0,0.0,0.0
Fm,0.0,0.0,0.0,0.0,0.0,0.0,0.0,0.0,0.0,0.0,0.0,0.0,0.0,0.0,0.0,0.0,0.0,0.0,0.0,0.0,0.0,0.0,0.0,0.0,0.0,0.0,0.0,0.0,0.0,0.0,0.0,0.0
Md,0.0,0.0,0.0,0.0,0.0,0.0,0.0,0.0,0.0,0.0,0.0,0.0,0.0,0.0,0.0,0.0,0.0,0.0,0.0,0.0,0.0,0.0,0.0,0.0,0.0,0.0,0.0,0.0,0.0,0.0,0.0,0.0
No,0.0,0.0,0.0,0.0,0.0,0.0,0.0,0.0,0.0,0.0,0.0,0.0,0.0,0.0,0.0,0.0,0.0,0.0,0.0,0.0,0.0,0.0,0.0,0.0,0.0,0.0,0.0,0.0,0.0,0.0,0.0,0.0
Lr,0.0,0.0,0.0,0.0,0.0,0.0,0.0,0.0,0.0,0.0,0.0,0.0,0.0,0.0,0.0,0.0,0.0,0.0,0.0,0.0,0.0,0.0,0.0,0.0,0.0,0.0,0.0,0.0,0.0,0.0,0.0,0.0
